id,text,label,cleaned_text,stemmed_text
196,تجربة رائعة بكل المقاييس,positive,تجربه رائعه بكل المقاييس,جرب رئع بكل مقاييس
388,منتج جميلة وانصح الجميع فيه,positive,منتج جميله وانصح الجميع فيه,نتج جمل نصح جمع فيه
435,االمنتج جميل نفس االوصف باالضبط,positive,االمنتج جميل نفس االوصف باالضبط,نتج جمل نفس وصف ضبط
332,والله الخدمة زفت جدا ما انصح,negative,والله الخدمه زفت جدا ما انصح,ولل خدم زفت جدا ما نصح
32,الجودة جميل والسعر ممتاز,positive,الجوده جميل والسعر ممتاز,جود جمل سعر متز
372,افضل مكان في المنطقة الخدمة حلو,positive,افضل مكان في المنطقه الخدمه حلو,فضل كان في طقه خدم حلو
241,اسعار مبالغ فيها والخدمة مو حلو,negative,اسعار مبالغ فيها والخدمه مو حلو,سعر بلغ فيه خدم مو حلو
31,انصحكم فيه المكان روعة بزاف,positive,انصحكم فيه المكان روعه بزاف,نصح فيه كان روع بزف
210,اسعار مبالغ فيها والخدمة سيئة,negative,اسعار مبالغ فيها والخدمه سيئه,سعر بلغ فيه خدم سيئ
184,تجربة ردية لن ااعود مرة ثاانية,negative,تجربه رديه لن ااعود مره ثاانيه,جرب رده لن اعد مره ثان
254,الاكل طيب مررررة حلو والسعر معقول,positive,الاكل طيب مره حلو والسعر معقول,اكل طيب مره حلو سعر عقل
220,انصحكم فيه المكان رائعة بزاف,positive,انصحكم فيه المكان رائعه بزاف,نصح فيه كان رئع بزف
89,المكان فاشلة والاسعار غالية بزاف,negative,المكان فاشله والاسعار غاليه بزاف,كان فشل سعر غلي بزف
366,المنتج سيئة ما يستاهل فلوسه,negative,المنتج سيئه ما يستاهل فلوسه,نتج سيئ ما تهل فلس
44,المكان خايس والنظافة صفر,negative,المكان خايس والنظافه صفر,كان خيس نظف صفر
310,جودة فاشلة والسعر مرتفع,negative,جوده فاشله والسعر مرتفع,جود فشل سعر رفع
185,الله يعطيهم العافية خدمتهم رائعة,positive,الله يعطيهم العافيه خدمتهم رائعه,الل يعط عفي خدم رئع
344,المنتج خايسة ما يستاهل فلوسه,negative,المنتج خايسه ما يستاهل فلوسه,نتج خيس ما تهل فلس
86,تعامل راقي جدااا والخدمة ممتاز,positive,تعامل راقي جدا والخدمه ممتاز,عمل رقي جدا خدم متز
37,خدمة العملاء تمام والتوصيل سريع,positive,خدمه العملاء تمام والتوصيل سريع,خدم عملاء تمم وصل سرع
419,المكان ماشي والاسعار غالية بزاف,negative,المكان ماشي والاسعار غاليه بزاف,كان اشي سعر غلي بزف
343,توصيل ردي وصل متاخر جدا,negative,توصيل ردي وصل متاخر جدا,وصل ردي وصل تخر جدا
165,خدمة االعملااء خراافي واالتوصيل سريع,positive,خدمه االعملااء خراافي واالتوصيل سريع,خدم االعملااء خراف واالتوصيل سرع
495,والله المكان ممتازة ما تنلقى زيه في صنعاء,positive,والله المكان ممتازه ما تنلقي زيه في صنعاء,ولل كان متز ما نلق زيه في صنعاء
247,المنتج تمام نفس الوصف بالضبط,positive,المنتج تمام نفس الوصف بالضبط,نتج تمم نفس وصف ضبط
432,ما عندي كلام اقوله غير ممتاز,positive,ما عندي كلام اقوله غير ممتاز,ما عند كلم اقل غير متز
68,اول مرة اجرب وطلع قمة جدا,positive,اول مره اجرب وطلع قمه جدا,اول مره جرب طلع قمه جدا
82,المنتج تعبانة غير الصور,negative,المنتج تعبانه غير الصور,نتج تعب غير صور
494,منتج طيب واانصح االجميع فيه,positive,منتج طيب واانصح االجميع فيه,نتج طيب نصح جمع فيه
165,والله الخدمة مو حلو جدا ما انصح,negative,والله الخدمه مو حلو جدا ما انصح,ولل خدم مو حلو جدا ما نصح
325,تعامل راقي وخدمة رائعة,positive,تعامل راقي وخدمه رائعه,عمل رقي خدم رئع
64,اسعار مبالغ فيها والخدمة ماشي,negative,اسعار مبالغ فيها والخدمه ماشي,سعر بلغ فيه خدم اشي
418,تاخير كبير والتعامل تعبان,negative,تاخير كبير والتعامل تعبان,اخر كبر عمل تعب
144,زرت المكان امس والحمد لله كان تمام,positive,زرت المكان امس والحمد لله كان تمام,زرت كان امس حمد لله كان تمم
362,تاخير كبير والتعامل خايسة,negative,تاخير كبير والتعامل خايسه,اخر كبر عمل خيس
469,تعاامل تعباانة ماا يحترمون االزبون,negative,تعاامل تعباانه ماا يحترمون االزبون,عامل تعب ماا حرم لزب
155,اسعار مبالغ فيها والخدمة تعبانة,negative,اسعار مبالغ فيها والخدمه تعبانه,سعر بلغ فيه خدم تعب
75,المنتج فاشلة غير الصور,negative,المنتج فاشله غير الصور,نتج فشل غير صور
238,خدمة العملاء مو زين لا يردون,negative,خدمه العملاء مو زين لا يردون,خدم عملاء مو زين لا يرد
485,المنتج وصل متاخر والجودة خايسة,negative,المنتج وصل متاخر والجوده خايسه,نتج وصل تخر جود خيس
104,اافضل مكاان في االمنطقة االخدمة راائع,positive,اافضل مكاان في االمنطقه االخدمه راائع,فضل مكا في االمنطقه خدم راع
471,الاكل خايسة والخدمة اسوا,negative,الاكل خايسه والخدمه اسوا,اكل خيس خدم اسا
87,اول مرة اجرب وطلع جميل جدا,positive,اول مره اجرب وطلع جميل جدا,اول مره جرب طلع جمل جدا
37,المنتج مو حلو ما يستاهل فلوسه,negative,المنتج مو حلو ما يستاهل فلوسه,نتج مو حلو ما تهل فلس
128,تعاامل ردي ماا يحترمون االزبون,negative,تعاامل ردي ماا يحترمون االزبون,عامل ردي ماا حرم لزب
294,جودة فاشلة والسعر مرتفع,negative,جوده فاشله والسعر مرتفع,جود فشل سعر رفع
222,ما شاء الله الخدمة رائعة والطاقم محترم جدا,positive,ما شاء الله الخدمه رائعه والطاقم محترم جدا,ما شاء الل خدم رئع طقم حرم جدا
121,المكان تعبان والنظافة صفر,negative,المكان تعبان والنظافه صفر,كان تعب نظف صفر
298,زرت المكان امس والحمد لله كان خرافية,positive,زرت المكان امس والحمد لله كان خرافيه,زرت كان امس حمد لله كان خرف
109,اول مرة اجرب وطلع خرافية جدا,positive,اول مره اجرب وطلع خرافيه جدا,اول مره جرب طلع خرف جدا
492,ماا عندي كلاام ااقوله غير ممتاازة,positive,ماا عندي كلاام ااقوله غير ممتاازه,ماا عند كلام اقل غير ممتااز
100,افضل مكان في المنطقة الخدمة رائعة,positive,افضل مكان في المنطقه الخدمه رائعه,فضل كان في طقه خدم رئع
186,اسعار مبالغ فيها والخدمة سيئة,negative,اسعار مبالغ فيها والخدمه سيئه,سعر بلغ فيه خدم سيئ
430,والله الخدمة خايسة جدا ما انصح,negative,والله الخدمه خايسه جدا ما انصح,ولل خدم خيس جدا ما نصح
341,جودة ردي واالسعر مرتفع,negative,جوده ردي واالسعر مرتفع,جود ردي سعر رفع
149,جودة زفت والسعر مرتفع,negative,جوده زفت والسعر مرتفع,جود زفت سعر رفع
73,ما عندي كلام اقوله غير رائع,positive,ما عندي كلام اقوله غير رائع,ما عند كلم اقل غير رئع
286,المنتج خرب بسرعة جودة ردية,negative,المنتج خرب بسرعه جوده رديه,نتج خرب سرع جود رده
389,المنتج وصل متاخر والجودة سيئة,negative,المنتج وصل متاخر والجوده سيئه,نتج وصل تخر جود سيئ
132,تاخير كبير والتعامل تعبان,negative,تاخير كبير والتعامل تعبان,اخر كبر عمل تعب
133,اسوا تجربة الخدمة زفت,negative,اسوا تجربه الخدمه زفت,اسا جرب خدم زفت
72,خيبة امل كبيرة الخدمة تعبان,negative,خيبه امل كبيره الخدمه تعبان,خيب امل كبر خدم تعب
78,خدمة العملاء اسطوري والتوصيل سريع,positive,خدمه العملاء اسطوري والتوصيل سريع,خدم عملاء سطر وصل سرع
85,الاكل طيب مررررة جميلة والسعر معقول,positive,الاكل طيب مره جميله والسعر معقول,اكل طيب مره جمل سعر عقل
483,المكان سيئة والاسعار غالية بزاف,negative,المكان سيئه والاسعار غاليه بزاف,كان سيئ سعر غلي بزف
84,االمنتج مو حلو ماا يستااهل فلوسه,negative,االمنتج مو حلو ماا يستااهل فلوسه,نتج مو حلو ماا اهل فلس
213,االااكل تعباانة واالخدمة ااسواا,negative,االااكل تعباانه واالخدمه ااسواا,اكل تعب واالخدمه اسا
479,تعاامل تعباانة ماا يحترمون االزبون,negative,تعاامل تعباانه ماا يحترمون االزبون,عامل تعب ماا حرم لزب
256,خدمة االعملااء روعة واالتوصيل سريع,positive,خدمه االعملااء روعه واالتوصيل سريع,خدم االعملااء روع واالتوصيل سرع
343,منتج حلو وانصح الجميع فيه,positive,منتج حلو وانصح الجميع فيه,نتج حلو نصح جمع فيه
38,تعاامل سيئة ماا يحترمون االزبون,negative,تعاامل سيئه ماا يحترمون االزبون,عامل سيئ ماا حرم لزب
175,المنتج وصل بسرعة والجودة روعة,positive,المنتج وصل بسرعه والجوده روعه,نتج وصل سرع جود روع
203,لا انصح ابدا الخدمة خايس,negative,لا انصح ابدا الخدمه خايس,لا نصح ابد خدم خيس
392,تعامل راقي جدااا والخدمة خرافي,positive,تعامل راقي جدا والخدمه خرافي,عمل رقي جدا خدم خرف
423,الجودة تمام والسعر ممتاز,positive,الجوده تمام والسعر ممتاز,جود تمم سعر متز
381,تعامل راقي جدااا والخدمة رائعة,positive,تعامل راقي جدا والخدمه رائعه,عمل رقي جدا خدم رئع
383,للاسف التعامل فاشلة جدا,negative,للاسف التعامل فاشله جدا,اسف عمل فشل جدا
304,منتج جميل واانصح االجميع فيه,positive,منتج جميل واانصح االجميع فيه,نتج جمل نصح جمع فيه
334,تعامل راقي وخدمة قمة,positive,تعامل راقي وخدمه قمه,عمل رقي خدم قمه
299,االمنتج ردية غير االصور,negative,االمنتج رديه غير االصور,نتج رده غير لصر
46,تاخير كبير والتعامل تعبان,negative,تاخير كبير والتعامل تعبان,اخر كبر عمل تعب
299,المنتج وصل بسرعة والجودة حلو,positive,المنتج وصل بسرعه والجوده حلو,نتج وصل سرع جود حلو
181,لا انصح ابدا الخدمة سيء,negative,لا انصح ابدا الخدمه سيء,لا نصح ابد خدم سيء
451,المكان مو زين والنظافة صفر,negative,المكان مو زين والنظافه صفر,كان مو زين نظف صفر
358,االااكل طيب مررررة ممتاازة واالسعر معقول,positive,االااكل طيب مره ممتاازه واالسعر معقول,اكل طيب مره ممتااز سعر عقل
170,للاسف التعامل سيئة جدا,negative,للاسف التعامل سيئه جدا,اسف عمل سيئ جدا
420,بصراحة المكان ممتاز ما توقعت كذا,positive,بصراحه المكان ممتاز ما توقعت كذا,صرح كان متز ما وقع كذا
402,اول مرة اجرب وطلع قمة جدا,positive,اول مره اجرب وطلع قمه جدا,اول مره جرب طلع قمه جدا
216,خدمة العملاء خرافية والتوصيل سريع,positive,خدمه العملاء خرافيه والتوصيل سريع,خدم عملاء خرف وصل سرع
193,المنتج وصل بسرعة والجودة حلوة,positive,المنتج وصل بسرعه والجوده حلوه,نتج وصل سرع جود حله
336,المكان ماشي والاسعار غالية بزاف,negative,المكان ماشي والاسعار غاليه بزاف,كان اشي سعر غلي بزف
130,المنتج ردي ما يستاهل فلوسه,negative,المنتج ردي ما يستاهل فلوسه,نتج ردي ما تهل فلس
461,والله الخدمة ماشي جدا ما انصح,negative,والله الخدمه ماشي جدا ما انصح,ولل خدم اشي جدا ما نصح
150,المكان ردي والاسعار غالية بزاف,negative,المكان ردي والاسعار غاليه بزاف,كان ردي سعر غلي بزف
356,المنتج ماشي ما يستاهل فلوسه,negative,المنتج ماشي ما يستاهل فلوسه,نتج اشي ما تهل فلس
187,انصحكم فيه المكان تمام بزاف,positive,انصحكم فيه المكان تمام بزاف,نصح فيه كان تمم بزف
386,منتج روعة وانصح الجميع فيه,positive,منتج روعه وانصح الجميع فيه,نتج روع نصح جمع فيه
169,تعامل سيئة ما يحترمون الزبون,negative,تعامل سيئه ما يحترمون الزبون,عمل سيئ ما حرم زبن
422,الجودة طيب والسعر ممتاز,positive,الجوده طيب والسعر ممتاز,جود طيب سعر متز
158,خدمة االعملااء سيء لاا يردون,negative,خدمه االعملااء سيء لاا يردون,خدم االعملااء سيء لاا يرد
186,الاكل حلوة والخدمة احسن,positive,الاكل حلوه والخدمه احسن,اكل حله خدم احس
320,اسعار مبالغ فيها والخدمة فاشلة,negative,اسعار مبالغ فيها والخدمه فاشله,سعر بلغ فيه خدم فشل
330,المكان نظيف وجميل واسعاره مناسبة,positive,المكان نظيف وجميل واسعاره مناسبه,كان نظف جمل سعر نسب
482,الله يعطيهم العافية خدمتهم خرافية,positive,الله يعطيهم العافيه خدمتهم خرافيه,الل يعط عفي خدم خرف
7,المكان فاشلة والنظافة صفر,negative,المكان فاشله والنظافه صفر,كان فشل نظف صفر
135,الاكل ممتاز والخدمة احسن,positive,الاكل ممتاز والخدمه احسن,اكل متز خدم احس
124,توصيل خايس وصل متاخر جدا,negative,توصيل خايس وصل متاخر جدا,وصل خيس وصل تخر جدا
182,اسعار مبالغ فيها والخدمة تعبانة,negative,اسعار مبالغ فيها والخدمه تعبانه,سعر بلغ فيه خدم تعب
441,زرت المكان امس والحمد لله كان ممتازة,positive,زرت المكان امس والحمد لله كان ممتازه,زرت كان امس حمد لله كان متز
125,خدمة العملاء خايسة لا يردون,negative,خدمه العملاء خايسه لا يردون,خدم عملاء خيس لا يرد
243,الاكل طيب مررررة حلوة والسعر معقول,positive,الاكل طيب مره حلوه والسعر معقول,اكل طيب مره حله سعر عقل
325,تعامل تعبانة ما يحترمون الزبون,negative,تعامل تعبانه ما يحترمون الزبون,عمل تعب ما حرم زبن
263,تجربة روعة بكل المقاييس,positive,تجربه روعه بكل المقاييس,جرب روع بكل مقاييس
51,تعامل فاشل ما يحترمون الزبون,negative,تعامل فاشل ما يحترمون الزبون,عمل فشل ما حرم زبن
413,زرت المكان امس والحمد لله كان طيب,positive,زرت المكان امس والحمد لله كان طيب,زرت كان امس حمد لله كان طيب
137,المكان فاشلة والاسعار غالية بزاف,negative,المكان فاشله والاسعار غاليه بزاف,كان فشل سعر غلي بزف
311,اسعار مبالغ فيها والخدمة سيئة,negative,اسعار مبالغ فيها والخدمه سيئه,سعر بلغ فيه خدم سيئ
395,افضل مكان في المنطقة الخدمة طيب,positive,افضل مكان في المنطقه الخدمه طيب,فضل كان في طقه خدم طيب
378,الاكل طيب مررررة اسطوري والسعر معقول,positive,الاكل طيب مره اسطوري والسعر معقول,اكل طيب مره سطر سعر عقل
66,منتج حلو وانصح الجميع فيه,positive,منتج حلو وانصح الجميع فيه,نتج حلو نصح جمع فيه
153,اول مرة اجرب وطلع طيبة جدا,positive,اول مره اجرب وطلع طيبه جدا,اول مره جرب طلع طيب جدا
450,الجودة قمة والسعر ممتاز,positive,الجوده قمه والسعر ممتاز,جود قمه سعر متز
478,تعامل راقي وخدمة رائع,positive,تعامل راقي وخدمه رائع,عمل رقي خدم رئع
423,ما انصح احد يروح المكان تعبان,negative,ما انصح احد يروح المكان تعبان,ما نصح احد يرح كان تعب
396,للااسف االتعاامل فااشلة جداا,negative,للااسف االتعاامل فااشله جداا,اسف االتعاامل اشل جدا
112,اسوا تجربة الخدمة فاشل,negative,اسوا تجربه الخدمه فاشل,اسا جرب خدم فشل
159,خدمة العملاء ردية لا يردون,negative,خدمه العملاء رديه لا يردون,خدم عملاء رده لا يرد
274,تعامل راقي وخدمة ممتازة,positive,تعامل راقي وخدمه ممتازه,عمل رقي خدم متز
364,اسوا تجربة الخدمة ماشي,negative,اسوا تجربه الخدمه ماشي,اسا جرب خدم اشي
157,ما شاء الله الخدمة ممتازة والطاقم محترم جدا,positive,ما شاء الله الخدمه ممتازه والطاقم محترم جدا,ما شاء الل خدم متز طقم حرم جدا
65,المنتج سيئة غير الصور,negative,المنتج سيئه غير الصور,نتج سيئ غير صور
38,والله المكان جميل ما تنلقى زيه في صنعاء,positive,والله المكان جميل ما تنلقي زيه في صنعاء,ولل كان جمل ما نلق زيه في صنعاء
253,ما انصح احد يروح المكان تعبانة,negative,ما انصح احد يروح المكان تعبانه,ما نصح احد يرح كان تعب
180,االااكل طيب مررررة تماام واالسعر معقول,positive,االااكل طيب مره تماام واالسعر معقول,اكل طيب مره مام سعر عقل
305,افضل مكان في المنطقة الخدمة قمة,positive,افضل مكان في المنطقه الخدمه قمه,فضل كان في طقه خدم قمه
139,جودة سيئة واالسعر مرتفع,negative,جوده سيئه واالسعر مرتفع,جود سيئ سعر رفع
112,ما عندي كلام اقوله غير روعة,positive,ما عندي كلام اقوله غير روعه,ما عند كلم اقل غير روع
312,خدمة العملاء خرافي والتوصيل سريع,positive,خدمه العملاء خرافي والتوصيل سريع,خدم عملاء خرف وصل سرع
345,تعامل راقي وخدمة طيبة,positive,تعامل راقي وخدمه طيبه,عمل رقي خدم طيب
209,بصراحة المكان خرافي ما توقعت كذا,positive,بصراحه المكان خرافي ما توقعت كذا,صرح كان خرف ما وقع كذا
97,خيبة امل كبيرة الخدمة تعبان,negative,خيبه امل كبيره الخدمه تعبان,خيب امل كبر خدم تعب
282,ماا اانصح ااحد يروح االمكاان تعباان,negative,ماا اانصح ااحد يروح االمكاان تعباان,ماا نصح احد يرح الم تعب
315,خدمة العملاء فاشلة لا يردون,negative,خدمه العملاء فاشله لا يردون,خدم عملاء فشل لا يرد
134,خدمة االعملااء طيب واالتوصيل سريع,positive,خدمه االعملااء طيب واالتوصيل سريع,خدم االعملااء طيب واالتوصيل سرع
495,المنتج وصل متاخر والجودة ردي,negative,المنتج وصل متاخر والجوده ردي,نتج وصل تخر جود ردي
310,الاكل قمة والخدمة احسن,positive,الاكل قمه والخدمه احسن,اكل قمه خدم احس
335,المنتج تعبان ما يستاهل فلوسه,negative,المنتج تعبان ما يستاهل فلوسه,نتج تعب ما تهل فلس
451,الله يعطيهم العافية خدمتهم تمام,positive,الله يعطيهم العافيه خدمتهم تمام,الل يعط عفي خدم تمم
141,المنتج وصل بسرعة والجودة رائعة,positive,المنتج وصل بسرعه والجوده رائعه,نتج وصل سرع جود رئع
380,المكان تعبان والنظافة صفر,negative,المكان تعبان والنظافه صفر,كان تعب نظف صفر
412,االااكل طيب مررررة طيب واالسعر معقول,positive,االااكل طيب مره طيب واالسعر معقول,اكل طيب مره طيب سعر عقل
375,بصراحة المكان خرافي ما توقعت كذا,positive,بصراحه المكان خرافي ما توقعت كذا,صرح كان خرف ما وقع كذا
177,المنتج وصل بسرعة والجودة ممتاز,positive,المنتج وصل بسرعه والجوده ممتاز,نتج وصل سرع جود متز
326,الاكل طيب مررررة جميلة والسعر معقول,positive,الاكل طيب مره جميله والسعر معقول,اكل طيب مره جمل سعر عقل
417,جودة خايسة والسعر مرتفع,negative,جوده خايسه والسعر مرتفع,جود خيس سعر رفع
443,الاكل ردي والخدمة اسوا,negative,الاكل ردي والخدمه اسوا,اكل ردي خدم اسا
264,المنتج وصل بسرعة والجودة قمة,positive,المنتج وصل بسرعه والجوده قمه,نتج وصل سرع جود قمه
139,والله المكان جميلة ما تنلقى زيه في صنعاء,positive,والله المكان جميله ما تنلقي زيه في صنعاء,ولل كان جمل ما نلق زيه في صنعاء
308,والله المكان رائعة ما تنلقى زيه في صنعاء,positive,والله المكان رائعه ما تنلقي زيه في صنعاء,ولل كان رئع ما نلق زيه في صنعاء
255,تجربة طيب بكل المقاييس,positive,تجربه طيب بكل المقاييس,جرب طيب بكل مقاييس
85,المكان تعبان والنظافة صفر,negative,المكان تعبان والنظافه صفر,كان تعب نظف صفر
488,االمنتج خرب بسرعة جودة تعباان,negative,االمنتج خرب بسرعه جوده تعباان,نتج خرب سرع جود تعب
436,تجربة اسطوري بكل المقاييس,positive,تجربه اسطوري بكل المقاييس,جرب سطر بكل مقاييس
183,خدمة العملاء فاشلة لا يردون,negative,خدمه العملاء فاشله لا يردون,خدم عملاء فشل لا يرد
29,االااكل سيئة واالخدمة ااسواا,negative,االااكل سيئه واالخدمه ااسواا,اكل سيئ واالخدمه اسا
56,تعامل راقي وخدمة قمة,positive,تعامل راقي وخدمه قمه,عمل رقي خدم قمه
459,ما عندي كلام اقوله غير رائعة,positive,ما عندي كلام اقوله غير رائعه,ما عند كلم اقل غير رئع
245,الله يعطيهم العافية خدمتهم اسطوري,positive,الله يعطيهم العافيه خدمتهم اسطوري,الل يعط عفي خدم سطر
339,خدمة العملاء ردي لا يردون,negative,خدمه العملاء ردي لا يردون,خدم عملاء ردي لا يرد
312,تجربة فاشل لن اعود مرة ثانية,negative,تجربه فاشل لن اعود مره ثانيه,جرب فشل لن اعد مره ثني
34,تعامل سيئة ما يحترمون الزبون,negative,تعامل سيئه ما يحترمون الزبون,عمل سيئ ما حرم زبن
75,الاكل طيب مررررة اسطوري والسعر معقول,positive,الاكل طيب مره اسطوري والسعر معقول,اكل طيب مره سطر سعر عقل
27,خدمة العملاء ردي لا يردون,negative,خدمه العملاء ردي لا يردون,خدم عملاء ردي لا يرد
453,الاكل طيب مررررة رائع والسعر معقول,positive,الاكل طيب مره رائع والسعر معقول,اكل طيب مره رئع سعر عقل
405,تعامل خايس ما يحترمون الزبون,negative,تعامل خايس ما يحترمون الزبون,عمل خيس ما حرم زبن
199,االمنتج خرب بسرعة جودة ردي,negative,االمنتج خرب بسرعه جوده ردي,نتج خرب سرع جود ردي
270,تعامل تعبانة ما يحترمون الزبون,negative,تعامل تعبانه ما يحترمون الزبون,عمل تعب ما حرم زبن
5,تجربة ردي لن اعود مرة ثانية,negative,تجربه ردي لن اعود مره ثانيه,جرب ردي لن اعد مره ثني
178,اول مرة اجرب وطلع جميل جدا,positive,اول مره اجرب وطلع جميل جدا,اول مره جرب طلع جمل جدا
13,زرت المكان امس والحمد لله كان طيبة,positive,زرت المكان امس والحمد لله كان طيبه,زرت كان امس حمد لله كان طيب
17,تعاامل رااقي جداااااا واالخدمة طيب,positive,تعاامل رااقي جدا واالخدمه طيب,عامل راق جدا واالخدمه طيب
101,جودة فاشلة والسعر مرتفع,negative,جوده فاشله والسعر مرتفع,جود فشل سعر رفع
81,الاكل ردي والخدمة اسوا,negative,الاكل ردي والخدمه اسوا,اكل ردي خدم اسا
60,المنتج خرب بسرعة جودة ماشي,negative,المنتج خرب بسرعه جوده ماشي,نتج خرب سرع جود اشي
83,المكان سيء والنظافة صفر,negative,المكان سيء والنظافه صفر,كان سيء نظف صفر
11,زرت المكان امس والحمد لله كان طيبة,positive,زرت المكان امس والحمد لله كان طيبه,زرت كان امس حمد لله كان طيب
54,المنتج وصل بسرعة والجودة طيبة,positive,المنتج وصل بسرعه والجوده طيبه,نتج وصل سرع جود طيب
293,والله الخدمة خايس جدا ما انصح,negative,والله الخدمه خايس جدا ما انصح,ولل خدم خيس جدا ما نصح
178,ما انصح احد يروح المكان تعبان,negative,ما انصح احد يروح المكان تعبان,ما نصح احد يرح كان تعب
117,المنتج سيء ما يستاهل فلوسه,negative,المنتج سيء ما يستاهل فلوسه,نتج سيء ما تهل فلس
76,المكان نظيف وجميل واسعاره مناسبة,positive,المكان نظيف وجميل واسعاره مناسبه,كان نظف جمل سعر نسب
215,خدمة العملاء ردي لا يردون,negative,خدمه العملاء ردي لا يردون,خدم عملاء ردي لا يرد
110,للاسف التعامل ماشي جدا,negative,للاسف التعامل ماشي جدا,اسف عمل اشي جدا
293,المنتج وصل بسرعة والجودة حلو,positive,المنتج وصل بسرعه والجوده حلو,نتج وصل سرع جود حلو
26,تعامل راقي وخدمة رائعة,positive,تعامل راقي وخدمه رائعه,عمل رقي خدم رئع
323,المنتج فاشلة ما يستاهل فلوسه,negative,المنتج فاشله ما يستاهل فلوسه,نتج فشل ما تهل فلس
279,خدمة العملاء جميل والتوصيل سريع,positive,خدمه العملاء جميل والتوصيل سريع,خدم عملاء جمل وصل سرع
224,افضل مكان في المنطقة الخدمة جميلة,positive,افضل مكان في المنطقه الخدمه جميله,فضل كان في طقه خدم جمل
65,المكان نظيف ورائعة واسعاره مناسبة,positive,المكان نظيف ورائعه واسعاره مناسبه,كان نظف ورع سعر نسب
384,اول مرة اجرب وطلع خرافية جدا,positive,اول مره اجرب وطلع خرافيه جدا,اول مره جرب طلع خرف جدا
55,تعامل راقي جدااا والخدمة خرافي,positive,تعامل راقي جدا والخدمه خرافي,عمل رقي جدا خدم خرف
404,ما عندي كلام اقوله غير ممتاز,positive,ما عندي كلام اقوله غير ممتاز,ما عند كلم اقل غير متز
482,تجربة مو حلو لن اعود مرة ثانية,negative,تجربه مو حلو لن اعود مره ثانيه,جرب مو حلو لن اعد مره ثني
4,للاسف التعامل ماشي جدا,negative,للاسف التعامل ماشي جدا,اسف عمل اشي جدا
142,اسوا تجربة الخدمة خايسة,negative,اسوا تجربه الخدمه خايسه,اسا جرب خدم خيس
357,اول مرة اجرب وطلع خرافي جدا,positive,اول مره اجرب وطلع خرافي جدا,اول مره جرب طلع خرف جدا
156,والله المكان طيب ما تنلقى زيه في صنعاء,positive,والله المكان طيب ما تنلقي زيه في صنعاء,ولل كان طيب ما نلق زيه في صنعاء
268,توصيل مو زين وصل متاخر جدا,negative,توصيل مو زين وصل متاخر جدا,وصل مو زين وصل تخر جدا
486,تعامل راقي جدااا والخدمة طيبة,positive,تعامل راقي جدا والخدمه طيبه,عمل رقي جدا خدم طيب
212,ما انصح احد يروح المكان ماشي,negative,ما انصح احد يروح المكان ماشي,ما نصح احد يرح كان اشي
190,المنتج خرافية نفس الوصف بالضبط,positive,المنتج خرافيه نفس الوصف بالضبط,نتج خرف نفس وصف ضبط
348,منتج خراافي واانصح االجميع فيه,positive,منتج خراافي واانصح االجميع فيه,نتج خراف نصح جمع فيه
225,ما عندي كلام اقوله غير طيبة,positive,ما عندي كلام اقوله غير طيبه,ما عند كلم اقل غير طيب
481,اسوا تجربة الخدمة خايسة,negative,اسوا تجربه الخدمه خايسه,اسا جرب خدم خيس
404,المكان تعبان والاسعار غالية بزاف,negative,المكان تعبان والاسعار غاليه بزاف,كان تعب سعر غلي بزف
174,االمكاان نظيف وممتاازة وااسعااره منااسبة,positive,االمكاان نظيف وممتاازه وااسعااره منااسبه,الم نظف وممتاازه وااسعااره منااسب
427,افضل مكان في المنطقة الخدمة رائعة,positive,افضل مكان في المنطقه الخدمه رائعه,فضل كان في طقه خدم رئع
437,خدمة العملاء تعبانة لا يردون,negative,خدمه العملاء تعبانه لا يردون,خدم عملاء تعب لا يرد
102,منتج خرافية وانصح الجميع فيه,positive,منتج خرافيه وانصح الجميع فيه,نتج خرف نصح جمع فيه
311,تعامل راقي وخدمة رائعة,positive,تعامل راقي وخدمه رائعه,عمل رقي خدم رئع
228,الله يعطيهم العافية خدمتهم حلو,positive,الله يعطيهم العافيه خدمتهم حلو,الل يعط عفي خدم حلو
204,المنتج خايس غير الصور,negative,المنتج خايس غير الصور,نتج خيس غير صور
434,المكان نظيف واسطوري واسعاره مناسبة,positive,المكان نظيف واسطوري واسعاره مناسبه,كان نظف سطر سعر نسب
285,المنتج زفت ما يستاهل فلوسه,negative,المنتج زفت ما يستاهل فلوسه,نتج زفت ما تهل فلس
254,المكان خايس والاسعار غالية بزاف,negative,المكان خايس والاسعار غاليه بزاف,كان خيس سعر غلي بزف
390,منتج خرافي وانصح الجميع فيه,positive,منتج خرافي وانصح الجميع فيه,نتج خرف نصح جمع فيه
136,تجربة خرافي بكل المقاييس,positive,تجربه خرافي بكل المقاييس,جرب خرف بكل مقاييس
388,المكان ردي والنظافة صفر,negative,المكان ردي والنظافه صفر,كان ردي نظف صفر
154,ما انصح احد يروح المكان مو حلو,negative,ما انصح احد يروح المكان مو حلو,ما نصح احد يرح كان مو حلو
205,خدمة العملاء روعة والتوصيل سريع,positive,خدمه العملاء روعه والتوصيل سريع,خدم عملاء روع وصل سرع
42,جودة سيئة والسعر مرتفع,negative,جوده سيئه والسعر مرتفع,جود سيئ سعر رفع
119,المنتج فاشل غير الصور,negative,المنتج فاشل غير الصور,نتج فشل غير صور
164,االمنتج وصل بسرعة واالجودة روعة,positive,االمنتج وصل بسرعه واالجوده روعه,نتج وصل سرع واالجوده روع
143,المكان نظيف وحلوة واسعاره مناسبة,positive,المكان نظيف وحلوه واسعاره مناسبه,كان نظف حلو سعر نسب
353,تعامل راقي جدااا والخدمة خرافي,positive,تعامل راقي جدا والخدمه خرافي,عمل رقي جدا خدم خرف
244,ااسواا تجربة االخدمة سيء,negative,ااسواا تجربه االخدمه سيء,اسا جرب خدم سيء
6,تعامل مو حلو ما يحترمون الزبون,negative,تعامل مو حلو ما يحترمون الزبون,عمل مو حلو ما حرم زبن
321,خيبة امل كبيرة الخدمة خايسة,negative,خيبه امل كبيره الخدمه خايسه,خيب امل كبر خدم خيس
61,االمنتج سيئة غير االصور,negative,االمنتج سيئه غير االصور,نتج سيئ غير لصر
300,خدمة العملاء خرافية والتوصيل سريع,positive,خدمه العملاء خرافيه والتوصيل سريع,خدم عملاء خرف وصل سرع
235,بصراحة المكان حلوة ما توقعت كذا,positive,بصراحه المكان حلوه ما توقعت كذا,صرح كان حله ما وقع كذا
235,تجربة سيئة لن اعود مرة ثانية,negative,تجربه سيئه لن اعود مره ثانيه,جرب سيئ لن اعد مره ثني
285,تجربة طيب بكل المقاييس,positive,تجربه طيب بكل المقاييس,جرب طيب بكل مقاييس
439,اسعار مبالغ فيها والخدمة سيئة,negative,اسعار مبالغ فيها والخدمه سيئه,سعر بلغ فيه خدم سيئ
13,الاكل تعبان والخدمة اسوا,negative,الاكل تعبان والخدمه اسوا,اكل تعب خدم اسا
93,الجودة روعة والسعر ممتاز,positive,الجوده روعه والسعر ممتاز,جود روع سعر متز
496,بصراحة المكان رائع ما توقعت كذا,positive,بصراحه المكان رائع ما توقعت كذا,صرح كان رئع ما وقع كذا
22,اول مرة اجرب وطلع طيبة جدا,positive,اول مره اجرب وطلع طيبه جدا,اول مره جرب طلع طيب جدا
328,خدمة العملاء طيب والتوصيل سريع,positive,خدمه العملاء طيب والتوصيل سريع,خدم عملاء طيب وصل سرع
480,المنتج خايس غير الصور,negative,المنتج خايس غير الصور,نتج خيس غير صور
259,المنتج وصل بسرعة والجودة خرافي,positive,المنتج وصل بسرعه والجوده خرافي,نتج وصل سرع جود خرف
216,تاخير كبير والتعامل فاشلة,negative,تاخير كبير والتعامل فاشله,اخر كبر عمل فشل
377,خيبة امل كبيرة الخدمة سيئة,negative,خيبه امل كبيره الخدمه سيئه,خيب امل كبر خدم سيئ
486,خدمة العملاء مو حلو لا يردون,negative,خدمه العملاء مو حلو لا يردون,خدم عملاء مو حلو لا يرد
173,المنتج خرب بسرعة جودة خايسة,negative,المنتج خرب بسرعه جوده خايسه,نتج خرب سرع جود خيس
1,تعامل راقي وخدمة طيب,positive,تعامل راقي وخدمه طيب,عمل رقي خدم طيب
237,الاكل تمام والخدمة احسن,positive,الاكل تمام والخدمه احسن,اكل تمم خدم احس
458,المنتج فاشل ما يستاهل فلوسه,negative,المنتج فاشل ما يستاهل فلوسه,نتج فشل ما تهل فلس
473,تاخير كبير والتعامل زفت,negative,تاخير كبير والتعامل زفت,اخر كبر عمل زفت
301,خدمة االعملااء ردي لاا يردون,negative,خدمه االعملااء ردي لاا يردون,خدم االعملااء ردي لاا يرد
211,الاكل فاشل والخدمة اسوا,negative,الاكل فاشل والخدمه اسوا,اكل فشل خدم اسا
96,لا انصح ابدا الخدمة سيئة,negative,لا انصح ابدا الخدمه سيئه,لا نصح ابد خدم سيئ
338,المنتج ممتازة نفس الوصف بالضبط,positive,المنتج ممتازه نفس الوصف بالضبط,نتج متز نفس وصف ضبط
249,خدمة العملاء قمة والتوصيل سريع,positive,خدمه العملاء قمه والتوصيل سريع,خدم عملاء قمه وصل سرع
257,المنتج تعبانة ما يستاهل فلوسه,negative,المنتج تعبانه ما يستاهل فلوسه,نتج تعب ما تهل فلس
381,الاكل زفت والخدمة اسوا,negative,الاكل زفت والخدمه اسوا,اكل زفت خدم اسا
468,توصيل ردية وصل متاخر جدا,negative,توصيل رديه وصل متاخر جدا,وصل رده وصل تخر جدا
200,اسعار مبالغ فيها والخدمة خايس,negative,اسعار مبالغ فيها والخدمه خايس,سعر بلغ فيه خدم خيس
342,االمنتج وصل متااخر واالجودة تعباانة,negative,االمنتج وصل متااخر واالجوده تعباانه,نتج وصل ااخر واالجوده تعب
39,خدمة االعملااء فااشل لاا يردون,negative,خدمه االعملااء فااشل لاا يردون,خدم االعملااء اشل لاا يرد
292,االمنتج وصل متااخر واالجودة ردية,negative,االمنتج وصل متااخر واالجوده رديه,نتج وصل ااخر واالجوده رده
260,توصيل خايس وصل متاخر جدا,negative,توصيل خايس وصل متاخر جدا,وصل خيس وصل تخر جدا
59,والله الخدمة خايسة جدا ما انصح,negative,والله الخدمه خايسه جدا ما انصح,ولل خدم خيس جدا ما نصح
434,المكان زفت والنظافة صفر,negative,المكان زفت والنظافه صفر,كان زفت نظف صفر
347,الجودة جميلة والسعر ممتاز,positive,الجوده جميله والسعر ممتاز,جود جمل سعر متز
162,انصحكم فيه المكان ممتازة بزاف,positive,انصحكم فيه المكان ممتازه بزاف,نصح فيه كان متز بزف
227,المنتج وصل بسرعة والجودة جميل,positive,المنتج وصل بسرعه والجوده جميل,نتج وصل سرع جود جمل
303,والله المكان ممتازة ما تنلقى زيه في صنعاء,positive,والله المكان ممتازه ما تنلقي زيه في صنعاء,ولل كان متز ما نلق زيه في صنعاء
288,تعامل راقي جدااا والخدمة خرافي,positive,تعامل راقي جدا والخدمه خرافي,عمل رقي جدا خدم خرف
218,جودة ردي والسعر مرتفع,negative,جوده ردي والسعر مرتفع,جود ردي سعر رفع
170,الله يعطيهم العافية خدمتهم جميلة,positive,الله يعطيهم العافيه خدمتهم جميله,الل يعط عفي خدم جمل
273,والله الخدمة مو زين جدا ما انصح,negative,والله الخدمه مو زين جدا ما انصح,ولل خدم مو زين جدا ما نصح
190,جودة ردي واالسعر مرتفع,negative,جوده ردي واالسعر مرتفع,جود ردي سعر رفع
100,تاخير كبير والتعامل فاشل,negative,تاخير كبير والتعامل فاشل,اخر كبر عمل فشل
271,المنتج وصل بسرعة والجودة رائعة,positive,المنتج وصل بسرعه والجوده رائعه,نتج وصل سرع جود رئع
355,المنتج وصل متاخر والجودة مو زين,negative,المنتج وصل متاخر والجوده مو زين,نتج وصل تخر جود مو زين
164,المنتج سيء غير الصور,negative,المنتج سيء غير الصور,نتج سيء غير صور
98,تاخير كبير والتعامل تعبانة,negative,تاخير كبير والتعامل تعبانه,اخر كبر عمل تعب
374,بصراحة المكان طيب ما توقعت كذا,positive,بصراحه المكان طيب ما توقعت كذا,صرح كان طيب ما وقع كذا
265,جودة خايسة والسعر مرتفع,negative,جوده خايسه والسعر مرتفع,جود خيس سعر رفع
428,ما انصح احد يروح المكان فاشل,negative,ما انصح احد يروح المكان فاشل,ما نصح احد يرح كان فشل
331,الاكل تعبانة والخدمة اسوا,negative,الاكل تعبانه والخدمه اسوا,اكل تعب خدم اسا
24,توصيل فاشلة وصل متاخر جدا,negative,توصيل فاشله وصل متاخر جدا,وصل فشل وصل تخر جدا
376,ماا عندي كلاام ااقوله غير خراافي,positive,ماا عندي كلاام ااقوله غير خراافي,ماا عند كلام اقل غير خراف
493,ما انصح احد يروح المكان فاشلة,negative,ما انصح احد يروح المكان فاشله,ما نصح احد يرح كان فشل
401,الاكل حلوة والخدمة احسن,positive,الاكل حلوه والخدمه احسن,اكل حله خدم احس
490,خدمة العملاء اسطوري والتوصيل سريع,positive,خدمه العملاء اسطوري والتوصيل سريع,خدم عملاء سطر وصل سرع
138,توصيل مو حلو وصل متاخر جدا,negative,توصيل مو حلو وصل متاخر جدا,وصل مو حلو وصل تخر جدا
457,والله المكان ممتاز ما تنلقى زيه في صنعاء,positive,والله المكان ممتاز ما تنلقي زيه في صنعاء,ولل كان متز ما نلق زيه في صنعاء
430,انصحكم فيه المكان طيب بزاف,positive,انصحكم فيه المكان طيب بزاف,نصح فيه كان طيب بزف
35,ماا اانصح ااحد يروح االمكاان زفت,negative,ماا اانصح ااحد يروح االمكاان زفت,ماا نصح احد يرح الم زفت
28,ماا شااء االله االخدمة خراافية واالطااقم محترم جداا,positive,ماا شااء االله االخدمه خراافيه واالطااقم محترم جداا,ماا شاء الل خدم خراف واالطااقم حرم جدا
2,الاكل ردي والخدمة اسوا,negative,الاكل ردي والخدمه اسوا,اكل ردي خدم اسا
369,افضل مكان في المنطقة الخدمة ممتازة,positive,افضل مكان في المنطقه الخدمه ممتازه,فضل كان في طقه خدم متز
424,االمنتج خرب بسرعة جودة خاايس,negative,االمنتج خرب بسرعه جوده خاايس,نتج خرب سرع جود خايس
453,الاكل فاشلة والخدمة اسوا,negative,الاكل فاشله والخدمه اسوا,اكل فشل خدم اسا
454,اسعار مبالغ فيها والخدمة فاشل,negative,اسعار مبالغ فيها والخدمه فاشل,سعر بلغ فيه خدم فشل
12,المنتج وصل متاخر والجودة مو حلو,negative,المنتج وصل متاخر والجوده مو حلو,نتج وصل تخر جود مو حلو
116,الجودة حلوة والسعر ممتاز,positive,الجوده حلوه والسعر ممتاز,جود حله سعر متز
261,للاسف التعامل خايس جدا,negative,للاسف التعامل خايس جدا,اسف عمل خيس جدا
320,زرت المكان امس والحمد لله كان تمام,positive,زرت المكان امس والحمد لله كان تمام,زرت كان امس حمد لله كان تمم
126,الاكل تعبانة والخدمة اسوا,negative,الاكل تعبانه والخدمه اسوا,اكل تعب خدم اسا
391,ااسعاار مباالغ فيهاا واالخدمة خاايسة,negative,ااسعاار مباالغ فيهاا واالخدمه خاايسه,عار مباالغ فيه واالخدمه خايس
258,تعامل راقي وخدمة خرافي,positive,تعامل راقي وخدمه خرافي,عمل رقي خدم خرف
280,الله يعطيهم العافية خدمتهم خرافي,positive,الله يعطيهم العافيه خدمتهم خرافي,الل يعط عفي خدم خرف
208,المكان زفت والاسعار غالية بزاف,negative,المكان زفت والاسعار غاليه بزاف,كان زفت سعر غلي بزف
260,منتج ممتازة وانصح الجميع فيه,positive,منتج ممتازه وانصح الجميع فيه,نتج متز نصح جمع فيه
474,تجربة خرافية بكل المقاييس,positive,تجربه خرافيه بكل المقاييس,جرب خرف بكل مقاييس
318,ما شاء الله الخدمة جميل والطاقم محترم جدا,positive,ما شاء الله الخدمه جميل والطاقم محترم جدا,ما شاء الل خدم جمل طقم حرم جدا
371,تعاامل رااقي وخدمة ممتاازة,positive,تعاامل رااقي وخدمه ممتاازه,عامل راق خدم ممتااز
94,جودة مو زين والسعر مرتفع,negative,جوده مو زين والسعر مرتفع,جود مو زين سعر رفع
200,المنتج وصل بسرعة والجودة تمام,positive,المنتج وصل بسرعه والجوده تمام,نتج وصل سرع جود تمم
19,خيبة امل كبيرة الخدمة تعبانة,negative,خيبه امل كبيره الخدمه تعبانه,خيب امل كبر خدم تعب
460,المكان نظيف وروعة واسعاره مناسبة,positive,المكان نظيف وروعه واسعاره مناسبه,كان نظف ورع سعر نسب
449,المكان مو حلو والنظافة صفر,negative,المكان مو حلو والنظافه صفر,كان مو حلو نظف صفر
51,بصراحة المكان جميل ما توقعت كذا,positive,بصراحه المكان جميل ما توقعت كذا,صرح كان جمل ما وقع كذا
323,تجربة تمام بكل المقاييس,positive,تجربه تمام بكل المقاييس,جرب تمم بكل مقاييس
360,المكان نظيف وتمام واسعاره مناسبة,positive,المكان نظيف وتمام واسعاره مناسبه,كان نظف تمم سعر نسب
131,الله يعطيهم العافية خدمتهم اسطوري,positive,الله يعطيهم العافيه خدمتهم اسطوري,الل يعط عفي خدم سطر
8,المكان نظيف وممتازة واسعاره مناسبة,positive,المكان نظيف وممتازه واسعاره مناسبه,كان نظف متز سعر نسب
425,جودة مو زين والسعر مرتفع,negative,جوده مو زين والسعر مرتفع,جود مو زين سعر رفع
229,خدمة العملاء طيب والتوصيل سريع,positive,خدمه العملاء طيب والتوصيل سريع,خدم عملاء طيب وصل سرع
131,االمكاان تعباانة واالنظاافة صفر,negative,االمكاان تعباانه واالنظاافه صفر,الم تعب واالنظاافه صفر
262,جودة مو حلو والسعر مرتفع,negative,جوده مو حلو والسعر مرتفع,جود مو حلو سعر رفع
129,تعاامل رااقي وخدمة ممتاازة,positive,تعاامل رااقي وخدمه ممتاازه,عامل راق خدم ممتااز
358,والله الخدمة سيء جدا ما انصح,negative,والله الخدمه سيء جدا ما انصح,ولل خدم سيء جدا ما نصح
431,افضل مكان في المنطقة الخدمة رائع,positive,افضل مكان في المنطقه الخدمه رائع,فضل كان في طقه خدم رئع
269,والله المكان خرافي ما تنلقى زيه في صنعاء,positive,والله المكان خرافي ما تنلقي زيه في صنعاء,ولل كان خرف ما نلق زيه في صنعاء
129,المكان سيء والنظافة صفر,negative,المكان سيء والنظافه صفر,كان سيء نظف صفر
1,لا انصح ابدا الخدمة ماشي,negative,لا انصح ابدا الخدمه ماشي,لا نصح ابد خدم اشي
135,المنتج خرب بسرعة جودة تعبان,negative,المنتج خرب بسرعه جوده تعبان,نتج خرب سرع جود تعب
233,زرت المكان امس والحمد لله كان خرافي,positive,زرت المكان امس والحمد لله كان خرافي,زرت كان امس حمد لله كان خرف
156,خيبة امل كبيرة الخدمة مو زين,negative,خيبه امل كبيره الخدمه مو زين,خيب امل كبر خدم مو زين
9,االمنتج فااشلة غير االصور,negative,االمنتج فااشله غير االصور,نتج اشل غير لصر
389,الجودة حلوة والسعر ممتاز,positive,الجوده حلوه والسعر ممتاز,جود حله سعر متز
145,اول مرة اجرب وطلع حلو جدا,positive,اول مره اجرب وطلع حلو جدا,اول مره جرب طلع حلو جدا
191,تعامل راقي جدااا والخدمة حلوة,positive,تعامل راقي جدا والخدمه حلوه,عمل رقي جدا خدم حله
40,المنتج خرب بسرعة جودة ردية,negative,المنتج خرب بسرعه جوده رديه,نتج خرب سرع جود رده
10,جودة مو حلو والسعر مرتفع,negative,جوده مو حلو والسعر مرتفع,جود مو حلو سعر رفع
166,المنتج وصل متاخر والجودة خايسة,negative,المنتج وصل متاخر والجوده خايسه,نتج وصل تخر جود خيس
107,والله الخدمة ماشي جدا ما انصح,negative,والله الخدمه ماشي جدا ما انصح,ولل خدم اشي جدا ما نصح
97,ما عندي كلام اقوله غير طيب,positive,ما عندي كلام اقوله غير طيب,ما عند كلم اقل غير طيب
399,المنتج وصل بسرعة والجودة اسطوري,positive,المنتج وصل بسرعه والجوده اسطوري,نتج وصل سرع جود سطر
63,تعامل سيء ما يحترمون الزبون,negative,تعامل سيء ما يحترمون الزبون,عمل سيء ما حرم زبن
328,المكان مو حلو والنظافة صفر,negative,المكان مو حلو والنظافه صفر,كان مو حلو نظف صفر
450,المنتج وصل متاخر والجودة خايسة,negative,المنتج وصل متاخر والجوده خايسه,نتج وصل تخر جود خيس
448,اسعار مبالغ فيها والخدمة تعبان,negative,اسعار مبالغ فيها والخدمه تعبان,سعر بلغ فيه خدم تعب
351,للاسف التعامل زفت جدا,negative,للاسف التعامل زفت جدا,اسف عمل زفت جدا
368,ماا عندي كلاام ااقوله غير حلو,positive,ماا عندي كلاام ااقوله غير حلو,ماا عند كلام اقل غير حلو
35,والله المكان تمام ما تنلقى زيه في صنعاء,positive,والله المكان تمام ما تنلقي زيه في صنعاء,ولل كان تمم ما نلق زيه في صنعاء
441,المنتج فاشلة غير الصور,negative,المنتج فاشله غير الصور,نتج فشل غير صور
483,واالله االمكاان جميلة ماا تنلقى زيه في صنعااء,positive,واالله االمكاان جميله ماا تنلقي زيه في صنعااء,الل الم جمل ماا نلق زيه في صنعااء
498,تعامل راقي جدااا والخدمة خرافي,positive,تعامل راقي جدا والخدمه خرافي,عمل رقي جدا خدم خرف
289,تعاامل رااقي وخدمة طيبة,positive,تعاامل رااقي وخدمه طيبه,عامل راق خدم طيب
278,االمنتج ااسطوري نفس االوصف باالضبط,positive,االمنتج ااسطوري نفس االوصف باالضبط,نتج سطر نفس وصف ضبط
379,خدمة العملاء ردي لا يردون,negative,خدمه العملاء ردي لا يردون,خدم عملاء ردي لا يرد
124,الله يعطيهم العافية خدمتهم ممتاز,positive,الله يعطيهم العافيه خدمتهم ممتاز,الل يعط عفي خدم متز
317,ماا شااء االله االخدمة طيب واالطااقم محترم جداا,positive,ماا شااء االله االخدمه طيب واالطااقم محترم جداا,ماا شاء الل خدم طيب واالطااقم حرم جدا
207,المنتج وصل بسرعة والجودة رائعة,positive,المنتج وصل بسرعه والجوده رائعه,نتج وصل سرع جود رئع
44,الله يعطيهم العافية خدمتهم تمام,positive,الله يعطيهم العافيه خدمتهم تمام,الل يعط عفي خدم تمم
15,المنتج خرب بسرعة جودة ماشي,negative,المنتج خرب بسرعه جوده ماشي,نتج خرب سرع جود اشي
250,خدمة العملاء اسطوري والتوصيل سريع,positive,خدمه العملاء اسطوري والتوصيل سريع,خدم عملاء سطر وصل سرع
333,المكان ردي والنظافة صفر,negative,المكان ردي والنظافه صفر,كان ردي نظف صفر
58,خدمة العملاء ردي لا يردون,negative,خدمه العملاء ردي لا يردون,خدم عملاء ردي لا يرد
202,الاكل طيب مررررة رائعة والسعر معقول,positive,الاكل طيب مره رائعه والسعر معقول,اكل طيب مره رئع سعر عقل
179,المنتج وصل بسرعة والجودة حلو,positive,المنتج وصل بسرعه والجوده حلو,نتج وصل سرع جود حلو
88,المكان خايس والاسعار غالية بزاف,negative,المكان خايس والاسعار غاليه بزاف,كان خيس سعر غلي بزف
458,الجودة رائع والسعر ممتاز,positive,الجوده رائع والسعر ممتاز,جود رئع سعر متز
382,تعامل راقي وخدمة رائعة,positive,تعامل راقي وخدمه رائعه,عمل رقي خدم رئع
74,افضل مكان في المنطقة الخدمة اسطوري,positive,افضل مكان في المنطقه الخدمه اسطوري,فضل كان في طقه خدم سطر
239,اسعار مبالغ فيها والخدمة خايس,negative,اسعار مبالغ فيها والخدمه خايس,سعر بلغ فيه خدم خيس
40,ماا شااء االله االخدمة راائع واالطااقم محترم جداا,positive,ماا شااء االله االخدمه راائع واالطااقم محترم جداا,ماا شاء الل خدم راع واالطااقم حرم جدا
409,الله يعطيهم العافية خدمتهم رائعة,positive,الله يعطيهم العافيه خدمتهم رائعه,الل يعط عفي خدم رئع
95,افضل مكان في المنطقة الخدمة حلوة,positive,افضل مكان في المنطقه الخدمه حلوه,فضل كان في طقه خدم حله
365,تعامل فاشل ما يحترمون الزبون,negative,تعامل فاشل ما يحترمون الزبون,عمل فشل ما حرم زبن
206,المكان سيئة والنظافة صفر,negative,المكان سيئه والنظافه صفر,كان سيئ نظف صفر
303,المكان زفت والاسعار غالية بزاف,negative,المكان زفت والاسعار غاليه بزاف,كان زفت سعر غلي بزف
397,تعامل راقي وخدمة تمام,positive,تعامل راقي وخدمه تمام,عمل رقي خدم تمم
220,ما انصح احد يروح المكان سيء,negative,ما انصح احد يروح المكان سيء,ما نصح احد يرح كان سيء
123,للااسف االتعاامل فااشلة جداا,negative,للااسف االتعاامل فااشله جداا,اسف االتعاامل اشل جدا
326,خيبة امل كبيرة الخدمة خايسة,negative,خيبه امل كبيره الخدمه خايسه,خيب امل كبر خدم خيس
32,الاكل مو زين والخدمة اسوا,negative,الاكل مو زين والخدمه اسوا,اكل مو زين خدم اسا
184,تجربة خراافي بكل االمقااييس,positive,تجربه خراافي بكل االمقااييس,جرب خراف بكل االمقااييس
78,المكان ردية والنظافة صفر,negative,المكان رديه والنظافه صفر,كان رده نظف صفر
263,المنتج فاشلة غير الصور,negative,المنتج فاشله غير الصور,نتج فشل غير صور
197,اافضل مكاان في االمنطقة االخدمة ااسطوري,positive,اافضل مكاان في االمنطقه االخدمه ااسطوري,فضل مكا في االمنطقه خدم سطر
463,والله المكان خرافية ما تنلقى زيه في صنعاء,positive,والله المكان خرافيه ما تنلقي زيه في صنعاء,ولل كان خرف ما نلق زيه في صنعاء
329,جودة خاايسة واالسعر مرتفع,negative,جوده خاايسه واالسعر مرتفع,جود خايس سعر رفع
316,الله يعطيهم العافية خدمتهم خرافية,positive,الله يعطيهم العافيه خدمتهم خرافيه,الل يعط عفي خدم خرف
9,الاكل ممتازة والخدمة احسن,positive,الاكل ممتازه والخدمه احسن,اكل متز خدم احس
62,اول مرة اجرب وطلع جميلة جدا,positive,اول مره اجرب وطلع جميله جدا,اول مره جرب طلع جمل جدا
171,للااسف االتعاامل مااشي جداا,negative,للااسف االتعاامل مااشي جداا,اسف االتعاامل اشي جدا
147,خدمة العملاء طيب والتوصيل سريع,positive,خدمه العملاء طيب والتوصيل سريع,خدم عملاء طيب وصل سرع
452,تااخير كبير واالتعاامل مو زين,negative,تااخير كبير واالتعاامل مو زين,اخر كبر واالتعاامل مو زين
428,واالله االمكاان قمة ماا تنلقى زيه في صنعااء,positive,واالله االمكاان قمه ماا تنلقي زيه في صنعااء,الل الم قمه ماا نلق زيه في صنعااء
172,الجودة طيب والسعر ممتاز,positive,الجوده طيب والسعر ممتاز,جود طيب سعر متز
47,الاكل مو زين والخدمة اسوا,negative,الاكل مو زين والخدمه اسوا,اكل مو زين خدم اسا
84,االمنتج ممتااز نفس االوصف باالضبط,positive,االمنتج ممتااز نفس االوصف باالضبط,نتج ممتااز نفس وصف ضبط
385,زرت االمكاان اامس واالحمد لله كاان راائع,positive,زرت االمكاان اامس واالحمد لله كاان راائع,زرت الم امس حمد لله كان راع
405,والله المكان ممتازة ما تنلقى زيه في صنعاء,positive,والله المكان ممتازه ما تنلقي زيه في صنعاء,ولل كان متز ما نلق زيه في صنعاء
261,والله المكان رائعة ما تنلقى زيه في صنعاء,positive,والله المكان رائعه ما تنلقي زيه في صنعاء,ولل كان رئع ما نلق زيه في صنعاء
151,الاكل طيب والخدمة احسن,positive,الاكل طيب والخدمه احسن,اكل طيب خدم احس
89,اول مرة اجرب وطلع رائع جدا,positive,اول مره اجرب وطلع رائع جدا,اول مره جرب طلع رئع جدا
315,تعاامل رااقي جداااااا واالخدمة ممتاازة,positive,تعاامل رااقي جدا واالخدمه ممتاازه,عامل راق جدا واالخدمه ممتااز
4,زرت المكان امس والحمد لله كان ممتازة,positive,زرت المكان امس والحمد لله كان ممتازه,زرت كان امس حمد لله كان متز
414,افضل مكان في المنطقة الخدمة اسطوري,positive,افضل مكان في المنطقه الخدمه اسطوري,فضل كان في طقه خدم سطر
361,الاكل ردية والخدمة اسوا,negative,الاكل رديه والخدمه اسوا,اكل رده خدم اسا
338,اسوا تجربة الخدمة سيئة,negative,اسوا تجربه الخدمه سيئه,اسا جرب خدم سيئ
228,جودة سيء والسعر مرتفع,negative,جوده سيء والسعر مرتفع,جود سيء سعر رفع
367,والله المكان خرافي ما تنلقى زيه في صنعاء,positive,والله المكان خرافي ما تنلقي زيه في صنعاء,ولل كان خرف ما نلق زيه في صنعاء
276,المنتج وصل بسرعة والجودة حلو,positive,المنتج وصل بسرعه والجوده حلو,نتج وصل سرع جود حلو
11,اسعار مبالغ فيها والخدمة ردي,negative,اسعار مبالغ فيها والخدمه ردي,سعر بلغ فيه خدم ردي
367,االمنتج وصل متااخر واالجودة خاايس,negative,االمنتج وصل متااخر واالجوده خاايس,نتج وصل ااخر واالجوده خايس
398,منتج طيبة وانصح الجميع فيه,positive,منتج طيبه وانصح الجميع فيه,نتج طيب نصح جمع فيه
102,تاخير كبير والتعامل خايس,negative,تاخير كبير والتعامل خايس,اخر كبر عمل خيس
427,ما انصح احد يروح المكان تعبانة,negative,ما انصح احد يروح المكان تعبانه,ما نصح احد يرح كان تعب
467,المكان زفت والاسعار غالية بزاف,negative,المكان زفت والاسعار غاليه بزاف,كان زفت سعر غلي بزف
415,تعامل راقي وخدمة خرافية,positive,تعامل راقي وخدمه خرافيه,عمل رقي خدم خرف
41,تجربة فاشل لن اعود مرة ثانية,negative,تجربه فاشل لن اعود مره ثانيه,جرب فشل لن اعد مره ثني
436,تاخير كبير والتعامل فاشلة,negative,تاخير كبير والتعامل فاشله,اخر كبر عمل فشل
67,المكان فاشل والاسعار غالية بزاف,negative,المكان فاشل والاسعار غاليه بزاف,كان فشل سعر غلي بزف
297,اول مرة اجرب وطلع خرافية جدا,positive,اول مره اجرب وطلع خرافيه جدا,اول مره جرب طلع خرف جدا
223,المنتج مو حلو غير الصور,negative,المنتج مو حلو غير الصور,نتج مو حلو غير صور
90,بصراحة المكان رائع ما توقعت كذا,positive,بصراحه المكان رائع ما توقعت كذا,صرح كان رئع ما وقع كذا
54,الاكل مو حلو والخدمة اسوا,negative,الاكل مو حلو والخدمه اسوا,اكل مو حلو خدم اسا
133,اول مرة اجرب وطلع تمام جدا,positive,اول مره اجرب وطلع تمام جدا,اول مره جرب طلع تمم جدا
227,لا انصح ابدا الخدمة ردية,negative,لا انصح ابدا الخدمه رديه,لا نصح ابد خدم رده
268,خدمة العملاء اسطوري والتوصيل سريع,positive,خدمه العملاء اسطوري والتوصيل سريع,خدم عملاء سطر وصل سرع
204,تعامل راقي جدااا والخدمة حلوة,positive,تعامل راقي جدا والخدمه حلوه,عمل رقي جدا خدم حله
161,المنتج خرب بسرعة جودة خايس,negative,المنتج خرب بسرعه جوده خايس,نتج خرب سرع جود خيس
21,تعامل فاشل ما يحترمون الزبون,negative,تعامل فاشل ما يحترمون الزبون,عمل فشل ما حرم زبن
15,الجودة جميل والسعر ممتاز,positive,الجوده جميل والسعر ممتاز,جود جمل سعر متز
50,المنتج وصل متاخر والجودة سيء,negative,المنتج وصل متاخر والجوده سيء,نتج وصل تخر جود سيء
330,المنتج زفت غير الصور,negative,المنتج زفت غير الصور,نتج زفت غير صور
234,والله الخدمة سيئة جدا ما انصح,negative,والله الخدمه سيئه جدا ما انصح,ولل خدم سيئ جدا ما نصح
107,انصحكم فيه المكان خرافي بزاف,positive,انصحكم فيه المكان خرافي بزاف,نصح فيه كان خرف بزف
440,والله الخدمة ماشي جدا ما انصح,negative,والله الخدمه ماشي جدا ما انصح,ولل خدم اشي جدا ما نصح
145,خدمة العملاء زفت لا يردون,negative,خدمه العملاء زفت لا يردون,خدم عملاء زفت لا يرد
421,المكان نظيف ورائع واسعاره مناسبة,positive,المكان نظيف ورائع واسعاره مناسبه,كان نظف ورع سعر نسب
206,خدمة العملاء طيبة والتوصيل سريع,positive,خدمه العملاء طيبه والتوصيل سريع,خدم عملاء طيب وصل سرع
114,تجربة تعباانة لن ااعود مرة ثاانية,negative,تجربه تعباانه لن ااعود مره ثاانيه,جرب تعب لن اعد مره ثان
80,للاسف التعامل سيئة جدا,negative,للاسف التعامل سيئه جدا,اسف عمل سيئ جدا
66,المنتج وصل متاخر والجودة خايسة,negative,المنتج وصل متاخر والجوده خايسه,نتج وصل تخر جود خيس
337,الجودة ممتازة والسعر ممتاز,positive,الجوده ممتازه والسعر ممتاز,جود متز سعر متز
403,بصراحة المكان روعة ما توقعت كذا,positive,بصراحه المكان روعه ما توقعت كذا,صرح كان روع ما وقع كذا
34,تعامل راقي جدااا والخدمة جميل,positive,تعامل راقي جدا والخدمه جميل,عمل رقي جدا خدم جمل
219,جودة فاشل والسعر مرتفع,negative,جوده فاشل والسعر مرتفع,جود فشل سعر رفع
240,المنتج خرب بسرعة جودة ماشي,negative,المنتج خرب بسرعه جوده ماشي,نتج خرب سرع جود اشي
438,تعاامل رااقي وخدمة راائع,positive,تعاامل رااقي وخدمه راائع,عامل راق خدم راع
88,االله يعطيهم االعاافية خدمتهم قمة,positive,االله يعطيهم االعاافيه خدمتهم قمه,الل يعط االعاافيه خدم قمه
47,ااول مرة ااجرب وطلع راائع جداا,positive,ااول مره ااجرب وطلع راائع جداا,اول مره جرب طلع راع جدا
460,المنتج وصل متاخر والجودة سيء,negative,المنتج وصل متاخر والجوده سيء,نتج وصل تخر جود سيء
446,الله يعطيهم العافية خدمتهم ممتاز,positive,الله يعطيهم العافيه خدمتهم ممتاز,الل يعط عفي خدم متز
176,توصيل مو زين وصل متاخر جدا,negative,توصيل مو زين وصل متاخر جدا,وصل مو زين وصل تخر جدا
197,خدمة العملاء خايسة لا يردون,negative,خدمه العملاء خايسه لا يردون,خدم عملاء خيس لا يرد
229,المنتج وصل متاخر والجودة مو زين,negative,المنتج وصل متاخر والجوده مو زين,نتج وصل تخر جود مو زين
360,اسوا تجربة الخدمة فاشل,negative,اسوا تجربه الخدمه فاشل,اسا جرب خدم فشل
76,المكان زفت والنظافة صفر,negative,المكان زفت والنظافه صفر,كان زفت نظف صفر
230,خيبة امل كبيرة الخدمة زفت,negative,خيبه امل كبيره الخدمه زفت,خيب امل كبر خدم زفت
179,المكان خايسة والنظافة صفر,negative,المكان خايسه والنظافه صفر,كان خيس نظف صفر
416,المنتج وصل بسرعة والجودة جميلة,positive,المنتج وصل بسرعه والجوده جميله,نتج وصل سرع جود جمل
412,المنتج خرب بسرعة جودة مو حلو,negative,المنتج خرب بسرعه جوده مو حلو,نتج خرب سرع جود مو حلو
349,زرت المكان امس والحمد لله كان حلو,positive,زرت المكان امس والحمد لله كان حلو,زرت كان امس حمد لله كان حلو
94,الاكل طيب مررررة تمام والسعر معقول,positive,الاكل طيب مره تمام والسعر معقول,اكل طيب مره تمم سعر عقل
70,تعامل راقي وخدمة خرافية,positive,تعامل راقي وخدمه خرافيه,عمل رقي خدم خرف
117,بصراحة المكان ممتاز ما توقعت كذا,positive,بصراحه المكان ممتاز ما توقعت كذا,صرح كان متز ما وقع كذا
92,ااسعاار مباالغ فيهاا واالخدمة تعباان,negative,ااسعاار مباالغ فيهاا واالخدمه تعباان,عار مباالغ فيه واالخدمه تعب
322,ما انصح احد يروح المكان سيئة,negative,ما انصح احد يروح المكان سيئه,ما نصح احد يرح كان سيئ
355,الله يعطيهم العافية خدمتهم قمة,positive,الله يعطيهم العافيه خدمتهم قمه,الل يعط عفي خدم قمه
415,تجربة ردي لن اعود مرة ثانية,negative,تجربه ردي لن اعود مره ثانيه,جرب ردي لن اعد مره ثني
14,خيبة امل كبيرة الخدمة تعبانة,negative,خيبه امل كبيره الخدمه تعبانه,خيب امل كبر خدم تعب
36,اسوا تجربة الخدمة مو زين,negative,اسوا تجربه الخدمه مو زين,اسا جرب خدم مو زين
30,توصيل تعبانة وصل متاخر جدا,negative,توصيل تعبانه وصل متاخر جدا,وصل تعب وصل تخر جدا
298,تاخير كبير والتعامل سيء,negative,تاخير كبير والتعامل سيء,اخر كبر عمل سيء
454,تجربة ممتاز بكل المقاييس,positive,تجربه ممتاز بكل المقاييس,جرب متز بكل مقاييس
324,بصراحة المكان طيبة ما توقعت كذا,positive,بصراحه المكان طيبه ما توقعت كذا,صرح كان طيب ما وقع كذا
266,تعامل راقي جدااا والخدمة قمة,positive,تعامل راقي جدا والخدمه قمه,عمل رقي جدا خدم قمه
410,زرت المكان امس والحمد لله كان حلو,positive,زرت المكان امس والحمد لله كان حلو,زرت كان امس حمد لله كان حلو
435,المنتج وصل متاخر والجودة ماشي,negative,المنتج وصل متاخر والجوده ماشي,نتج وصل تخر جود اشي
370,اول مرة اجرب وطلع تمام جدا,positive,اول مره اجرب وطلع تمام جدا,اول مره جرب طلع تمم جدا
110,المنتج ممتازة نفس الوصف بالضبط,positive,المنتج ممتازه نفس الوصف بالضبط,نتج متز نفس وصف ضبط
491,تاخير كبير والتعامل سيئة,negative,تاخير كبير والتعامل سيئه,اخر كبر عمل سيئ
433,خدمة االعملااء روعة واالتوصيل سريع,positive,خدمه االعملااء روعه واالتوصيل سريع,خدم االعملااء روع واالتوصيل سرع
14,المكان نظيف وجميلة واسعاره مناسبة,positive,المكان نظيف وجميله واسعاره مناسبه,كان نظف جمل سعر نسب
354,اافضل مكاان في االمنطقة االخدمة قمة,positive,اافضل مكاان في االمنطقه االخدمه قمه,فضل مكا في االمنطقه خدم قمه
236,انصحكم فيه المكان رائعة بزاف,positive,انصحكم فيه المكان رائعه بزاف,نصح فيه كان رئع بزف
120,خيبة امل كبيرة الخدمة تعبان,negative,خيبه امل كبيره الخدمه تعبان,خيب امل كبر خدم تعب
411,المنتج حلوة نفس الوصف بالضبط,positive,المنتج حلوه نفس الوصف بالضبط,نتج حله نفس وصف ضبط
127,المكان نظيف وطيبة واسعاره مناسبة,positive,المكان نظيف وطيبه واسعاره مناسبه,كان نظف وطب سعر نسب
291,المنتج وصل بسرعة والجودة ممتازة,positive,المنتج وصل بسرعه والجوده ممتازه,نتج وصل سرع جود متز
192,منتج روعة وانصح الجميع فيه,positive,منتج روعه وانصح الجميع فيه,نتج روع نصح جمع فيه
27,تعامل راقي جدااا والخدمة اسطوري,positive,تعامل راقي جدا والخدمه اسطوري,عمل رقي جدا خدم سطر
277,خدمة العملاء ردية لا يردون,negative,خدمه العملاء رديه لا يردون,خدم عملاء رده لا يرد
79,انصحكم فيه المكان حلو بزاف,positive,انصحكم فيه المكان حلو بزاف,نصح فيه كان حلو بزف
348,المكان ردي والنظافة صفر,negative,المكان ردي والنظافه صفر,كان ردي نظف صفر
62,والله الخدمة سيئة جدا ما انصح,negative,والله الخدمه سيئه جدا ما انصح,ولل خدم سيئ جدا ما نصح
349,توصيل سيء وصل متااخر جداا,negative,توصيل سيء وصل متااخر جداا,وصل سيء وصل ااخر جدا
334,والله الخدمة سيء جدا ما انصح,negative,والله الخدمه سيء جدا ما انصح,ولل خدم سيء جدا ما نصح
148,المكان خايسة والاسعار غالية بزاف,negative,المكان خايسه والاسعار غاليه بزاف,كان خيس سعر غلي بزف
198,خدمة العملاء ردي لا يردون,negative,خدمه العملاء ردي لا يردون,خدم عملاء ردي لا يرد
380,بصراحة المكان ممتاز ما توقعت كذا,positive,بصراحه المكان ممتاز ما توقعت كذا,صرح كان متز ما وقع كذا
484,المكان خايسة والنظافة صفر,negative,المكان خايسه والنظافه صفر,كان خيس نظف صفر
181,تجربة تماام بكل االمقااييس,positive,تجربه تماام بكل االمقااييس,جرب مام بكل االمقااييس
213,تعامل راقي وخدمة طيب,positive,تعامل راقي وخدمه طيب,عمل رقي خدم طيب
470,الاكل سيء والخدمة اسوا,negative,الاكل سيء والخدمه اسوا,اكل سيء خدم اسا
379,بصراحة المكان طيب ما توقعت كذا,positive,بصراحه المكان طيب ما توقعت كذا,صرح كان طيب ما وقع كذا
57,خدمة العملاء ممتازة والتوصيل سريع,positive,خدمه العملاء ممتازه والتوصيل سريع,خدم عملاء متز وصل سرع
105,اول مرة اجرب وطلع خرافي جدا,positive,اول مره اجرب وطلع خرافي جدا,اول مره جرب طلع خرف جدا
472,بصراحة المكان رائع ما توقعت كذا,positive,بصراحه المكان رائع ما توقعت كذا,صرح كان رئع ما وقع كذا
296,الجودة رائعة والسعر ممتاز,positive,الجوده رائعه والسعر ممتاز,جود رئع سعر متز
490,االمنتج وصل متااخر واالجودة خاايسة,negative,االمنتج وصل متااخر واالجوده خاايسه,نتج وصل ااخر واالجوده خايس
217,الاكل ردي والخدمة اسوا,negative,الاكل ردي والخدمه اسوا,اكل ردي خدم اسا
203,خدمة العملاء رائع والتوصيل سريع,positive,خدمه العملاء رائع والتوصيل سريع,خدم عملاء رئع وصل سرع
98,بصراحة المكان جميلة ما توقعت كذا,positive,بصراحه المكان جميله ما توقعت كذا,صرح كان جمل ما وقع كذا
314,خيبة امل كبيرة الخدمة مو حلو,negative,خيبه امل كبيره الخدمه مو حلو,خيب امل كبر خدم مو حلو
378,تااخير كبير واالتعاامل سيئة,negative,تااخير كبير واالتعاامل سيئه,اخر كبر واالتعاامل سيئ
284,افضل مكان في المنطقة الخدمة اسطوري,positive,افضل مكان في المنطقه الخدمه اسطوري,فضل كان في طقه خدم سطر
366,الاكل رائع والخدمة احسن,positive,الاكل رائع والخدمه احسن,اكل رئع خدم احس
317,االمنتج مو حلو ماا يستااهل فلوسه,negative,االمنتج مو حلو ماا يستااهل فلوسه,نتج مو حلو ماا اهل فلس
196,لا انصح ابدا الخدمة فاشلة,negative,لا انصح ابدا الخدمه فاشله,لا نصح ابد خدم فشل
394,الاكل طيب مررررة رائع والسعر معقول,positive,الاكل طيب مره رائع والسعر معقول,اكل طيب مره رئع سعر عقل
111,تعامل راقي جدااا والخدمة حلو,positive,تعامل راقي جدا والخدمه حلو,عمل رقي جدا خدم حلو
466,المنتج وصل متاخر والجودة مو زين,negative,المنتج وصل متاخر والجوده مو زين,نتج وصل تخر جود مو زين
414,اسوا تجربة الخدمة ردي,negative,اسوا تجربه الخدمه ردي,اسا جرب خدم ردي
103,اسوا تجربة الخدمة تعبان,negative,اسوا تجربه الخدمه تعبان,اسا جرب خدم تعب
446,المكان فاشل والاسعار غالية بزاف,negative,المكان فاشل والاسعار غاليه بزاف,كان فشل سعر غلي بزف
224,المنتج خرب بسرعة جودة مو زين,negative,المنتج خرب بسرعه جوده مو زين,نتج خرب سرع جود مو زين
426,المنتج فاشل غير الصور,negative,المنتج فاشل غير الصور,نتج فشل غير صور
267,والله المكان ممتاز ما تنلقى زيه في صنعاء,positive,والله المكان ممتاز ما تنلقي زيه في صنعاء,ولل كان متز ما نلق زيه في صنعاء
163,المنتج تمام نفس الوصف بالضبط,positive,المنتج تمام نفس الوصف بالضبط,نتج تمم نفس وصف ضبط
154,ااول مرة ااجرب وطلع قمة جداا,positive,ااول مره ااجرب وطلع قمه جداا,اول مره جرب طلع قمه جدا
99,اانصحكم فيه االمكاان جميلة بزااف,positive,اانصحكم فيه االمكاان جميله بزااف,نصح فيه الم جمل زاف
106,خدمة العملاء حلو والتوصيل سريع,positive,خدمه العملاء حلو والتوصيل سريع,خدم عملاء حلو وصل سرع
202,المنتج خايس ما يستاهل فلوسه,negative,المنتج خايس ما يستاهل فلوسه,نتج خيس ما تهل فلس
248,والله الخدمة زفت جدا ما انصح,negative,والله الخدمه زفت جدا ما انصح,ولل خدم زفت جدا ما نصح
226,الاكل طيب مررررة جميلة والسعر معقول,positive,الاكل طيب مره جميله والسعر معقول,اكل طيب مره جمل سعر عقل
393,الاكل رائع والخدمة احسن,positive,الاكل رائع والخدمه احسن,اكل رئع خدم احس
174,خدمة العملاء ماشي لا يردون,negative,خدمه العملاء ماشي لا يردون,خدم عملاء اشي لا يرد
342,الجودة رائعة والسعر ممتاز,positive,الجوده رائعه والسعر ممتاز,جود رئع سعر متز
309,خدمة العملاء زفت لا يردون,negative,خدمه العملاء زفت لا يردون,خدم عملاء زفت لا يرد
365,بصراحة المكان حلو ما توقعت كذا,positive,بصراحه المكان حلو ما توقعت كذا,صرح كان حلو ما وقع كذا
61,الاكل ممتاز والخدمة احسن,positive,الاكل ممتاز والخدمه احسن,اكل متز خدم احس
374,المكان خايس والاسعار غالية بزاف,negative,المكان خايس والاسعار غاليه بزاف,كان خيس سعر غلي بزف
122,تجربة جميلة بكل االمقااييس,positive,تجربه جميله بكل االمقااييس,جرب جمل بكل االمقااييس
86,المنتج تعبان ما يستاهل فلوسه,negative,المنتج تعبان ما يستاهل فلوسه,نتج تعب ما تهل فلس
232,جودة فاشلة والسعر مرتفع,negative,جوده فاشله والسعر مرتفع,جود فشل سعر رفع
132,ماا شااء االله االخدمة جميلة واالطااقم محترم جداا,positive,ماا شااء االله االخدمه جميله واالطااقم محترم جداا,ماا شاء الل خدم جمل واالطااقم حرم جدا
247,للااسف االتعاامل فااشلة جداا,negative,للااسف االتعاامل فااشله جداا,اسف االتعاامل اشل جدا
383,المنتج حلو نفس الوصف بالضبط,positive,المنتج حلو نفس الوصف بالضبط,نتج حلو نفس وصف ضبط
424,اول مرة اجرب وطلع روعة جدا,positive,اول مره اجرب وطلع روعه جدا,اول مره جرب طلع روع جدا
218,الجودة خرافية والسعر ممتاز,positive,الجوده خرافيه والسعر ممتاز,جود خرف سعر متز
118,خيبة امل كبيرة الخدمة ماشي,negative,خيبه امل كبيره الخدمه ماشي,خيب امل كبر خدم اشي
136,للاسف التعامل خايسة جدا,negative,للاسف التعامل خايسه جدا,اسف عمل خيس جدا
396,والله المكان قمة ما تنلقى زيه في صنعاء,positive,والله المكان قمه ما تنلقي زيه في صنعاء,ولل كان قمه ما نلق زيه في صنعاء
319,الله يعطيهم العافية خدمتهم حلو,positive,الله يعطيهم العافيه خدمتهم حلو,الل يعط عفي خدم حلو
259,المكان مو زين والنظافة صفر,negative,المكان مو زين والنظافه صفر,كان مو زين نظف صفر
476,اسوا تجربة الخدمة سيئة,negative,اسوا تجربه الخدمه سيئه,اسا جرب خدم سيئ
53,ما شاء الله الخدمة رائع والطاقم محترم جدا,positive,ما شاء الله الخدمه رائع والطاقم محترم جدا,ما شاء الل خدم رئع طقم حرم جدا
45,الجودة تمام والسعر ممتاز,positive,الجوده تمام والسعر ممتاز,جود تمم سعر متز
58,الله يعطيهم العافية خدمتهم خرافي,positive,الله يعطيهم العافيه خدمتهم خرافي,الل يعط عفي خدم خرف
233,للاسف التعامل خايسة جدا,negative,للاسف التعامل خايسه جدا,اسف عمل خيس جدا
322,تعامل راقي وخدمة ممتازة,positive,تعامل راقي وخدمه ممتازه,عمل رقي خدم متز
59,ما عندي كلام اقوله غير روعة,positive,ما عندي كلام اقوله غير روعه,ما عند كلم اقل غير روع
101,الله يعطيهم العافية خدمتهم روعة,positive,الله يعطيهم العافيه خدمتهم روعه,الل يعط عفي خدم روع
153,المكان فاشلة والنظافة صفر,negative,المكان فاشله والنظافه صفر,كان فشل نظف صفر
17,توصيل خايسة وصل متاخر جدا,negative,توصيل خايسه وصل متاخر جدا,وصل خيس وصل تخر جدا
290,اسوا تجربة الخدمة فاشل,negative,اسوا تجربه الخدمه فاشل,اسا جرب خدم فشل
291,المنتج خرب بسرعة جودة تعبان,negative,المنتج خرب بسرعه جوده تعبان,نتج خرب سرع جود تعب
21,المكان نظيف وطيب واسعاره مناسبة,positive,المكان نظيف وطيب واسعاره مناسبه,كان نظف وطب سعر نسب
264,تعامل سيء ما يحترمون الزبون,negative,تعامل سيء ما يحترمون الزبون,عمل سيء ما حرم زبن
484,المنتج وصل بسرعة والجودة حلوة,positive,المنتج وصل بسرعه والجوده حلوه,نتج وصل سرع جود حله
144,المنتج خرب بسرعة جودة ردي,negative,المنتج خرب بسرعه جوده ردي,نتج خرب سرع جود ردي
168,المكان نظيف وجميل واسعاره مناسبة,positive,المكان نظيف وجميل واسعاره مناسبه,كان نظف جمل سعر نسب
73,جودة فاشل والسعر مرتفع,negative,جوده فاشل والسعر مرتفع,جود فشل سعر رفع
256,لا انصح ابدا الخدمة زفت,negative,لا انصح ابدا الخدمه زفت,لا نصح ابد خدم زفت
28,خيبة امل كبيرة الخدمة سيئة,negative,خيبه امل كبيره الخدمه سيئه,خيب امل كبر خدم سيئ
215,زرت االمكاان اامس واالحمد لله كاان راائعة,positive,زرت االمكاان اامس واالحمد لله كاان راائعه,زرت الم امس حمد لله كان راع
363,تعامل راقي جدااا والخدمة رائع,positive,تعامل راقي جدا والخدمه رائع,عمل رقي جدا خدم رئع
118,واالله االمكاان حلو ماا تنلقى زيه في صنعااء,positive,واالله االمكاان حلو ماا تنلقي زيه في صنعااء,الل الم حلو ماا نلق زيه في صنعااء
158,الجودة خرافية والسعر ممتاز,positive,الجوده خرافيه والسعر ممتاز,جود خرف سعر متز
16,تجربة ردي لن اعود مرة ثانية,negative,تجربه ردي لن اعود مره ثانيه,جرب ردي لن اعد مره ثني
449,والله المكان ممتاز ما تنلقى زيه في صنعاء,positive,والله المكان ممتاز ما تنلقي زيه في صنعاء,ولل كان متز ما نلق زيه في صنعاء
368,المنتج خايسة غير الصور,negative,المنتج خايسه غير الصور,نتج خيس غير صور
400,ما شاء الله الخدمة رائعة والطاقم محترم جدا,positive,ما شاء الله الخدمه رائعه والطاقم محترم جدا,ما شاء الل خدم رئع طقم حرم جدا
295,الله يعطيهم العافية خدمتهم جميلة,positive,الله يعطيهم العافيه خدمتهم جميله,الل يعط عفي خدم جمل
128,االمنتج حلوة نفس االوصف باالضبط,positive,االمنتج حلوه نفس االوصف باالضبط,نتج حله نفس وصف ضبط
429,تجربة ماشي لن اعود مرة ثانية,negative,تجربه ماشي لن اعود مره ثانيه,جرب اشي لن اعد مره ثني
274,اسوا تجربة الخدمة فاشل,negative,اسوا تجربه الخدمه فاشل,اسا جرب خدم فشل
91,الاكل طيبة والخدمة احسن,positive,الاكل طيبه والخدمه احسن,اكل طيب خدم احس
106,ما انصح احد يروح المكان مو زين,negative,ما انصح احد يروح المكان مو زين,ما نصح احد يرح كان مو زين
45,والله الخدمة ماشي جدا ما انصح,negative,والله الخدمه ماشي جدا ما انصح,ولل خدم اشي جدا ما نصح
96,انصحكم فيه المكان اسطوري بزاف,positive,انصحكم فيه المكان اسطوري بزاف,نصح فيه كان سطر بزف
221,ما انصح احد يروح المكان ماشي,negative,ما انصح احد يروح المكان ماشي,ما نصح احد يرح كان اشي
463,اسوا تجربة الخدمة فاشلة,negative,اسوا تجربه الخدمه فاشله,اسا جرب خدم فشل
46,زرت المكان امس والحمد لله كان حلو,positive,زرت المكان امس والحمد لله كان حلو,زرت كان امس حمد لله كان حلو
464,اسعار مبالغ فيها والخدمة سيئة,negative,اسعار مبالغ فيها والخدمه سيئه,سعر بلغ فيه خدم سيئ
188,ما انصح احد يروح المكان خايس,negative,ما انصح احد يروح المكان خايس,ما نصح احد يرح كان خيس
52,المنتج وصل متاخر والجودة مو حلو,negative,المنتج وصل متاخر والجوده مو حلو,نتج وصل تخر جود مو حلو
283,المنتج تمام نفس الوصف بالضبط,positive,المنتج تمام نفس الوصف بالضبط,نتج تمم نفس وصف ضبط
250,المنتج وصل متاخر والجودة خايس,negative,المنتج وصل متاخر والجوده خايس,نتج وصل تخر جود خيس
302,تجربة خايس لن اعود مرة ثانية,negative,تجربه خايس لن اعود مره ثانيه,جرب خيس لن اعد مره ثني
39,ماا عندي كلاام ااقوله غير قمة,positive,ماا عندي كلاام ااقوله غير قمه,ماا عند كلام اقل غير قمه
20,منتج روعة وانصح الجميع فيه,positive,منتج روعه وانصح الجميع فيه,نتج روع نصح جمع فيه
386,ماا اانصح ااحد يروح االمكاان تعباان,negative,ماا اانصح ااحد يروح االمكاان تعباان,ماا نصح احد يرح الم تعب
497,تاخير كبير والتعامل ردي,negative,تاخير كبير والتعامل ردي,اخر كبر عمل ردي
209,تعامل مو حلو ما يحترمون الزبون,negative,تعامل مو حلو ما يحترمون الزبون,عمل مو حلو ما حرم زبن
80,خدمة العملاء طيب والتوصيل سريع,positive,خدمه العملاء طيب والتوصيل سريع,خدم عملاء طيب وصل سرع
130,تجربة طيبة بكل المقاييس,positive,تجربه طيبه بكل المقاييس,جرب طيب بكل مقاييس
442,المنتج وصل متاخر والجودة تعبان,negative,المنتج وصل متاخر والجوده تعبان,نتج وصل تخر جود تعب
142,تعاامل رااقي وخدمة روعة,positive,تعاامل رااقي وخدمه روعه,عامل راق خدم روع
408,خيبة امل كبيرة الخدمة ردي,negative,خيبه امل كبيره الخدمه ردي,خيب امل كبر خدم ردي
419,الجودة اسطوري والسعر ممتاز,positive,الجوده اسطوري والسعر ممتاز,جود سطر سعر متز
74,واالله االخدمة خاايس جداا ماا اانصح,negative,واالله االخدمه خاايس جداا ماا اانصح,الل خدم خايس جدا ماا نصح
364,والله المكان قمة ما تنلقى زيه في صنعاء,positive,والله المكان قمه ما تنلقي زيه في صنعاء,ولل كان قمه ما نلق زيه في صنعاء
292,تعامل راقي جدااا والخدمة اسطوري,positive,تعامل راقي جدا والخدمه اسطوري,عمل رقي جدا خدم سطر
246,الله يعطيهم العافية خدمتهم حلوة,positive,الله يعطيهم العافيه خدمتهم حلوه,الل يعط عفي خدم حله
70,ماا اانصح ااحد يروح االمكاان خاايسة,negative,ماا اانصح ااحد يروح االمكاان خاايسه,ماا نصح احد يرح الم خايس
493,تعامل راقي جدااا والخدمة قمة,positive,تعامل راقي جدا والخدمه قمه,عمل رقي جدا خدم قمه
155,خدمة االعملااء حلوة واالتوصيل سريع,positive,خدمه االعملااء حلوه واالتوصيل سريع,خدم االعملااء حله واالتوصيل سرع
199,منتج رائعة وانصح الجميع فيه,positive,منتج رائعه وانصح الجميع فيه,نتج رئع نصح جمع فيه
387,المكان مو زين والنظافة صفر,negative,المكان مو زين والنظافه صفر,كان مو زين نظف صفر
406,تعامل فاشل ما يحترمون الزبون,negative,تعامل فاشل ما يحترمون الزبون,عمل فشل ما حرم زبن
262,اافضل مكاان في االمنطقة االخدمة تماام,positive,اافضل مكاان في االمنطقه االخدمه تماام,فضل مكا في االمنطقه خدم مام
162,تجربة مو حلو لن اعود مرة ثانية,negative,تجربه مو حلو لن اعود مره ثانيه,جرب مو حلو لن اعد مره ثني
90,خدمة العملاء ردي لا يردون,negative,خدمه العملاء ردي لا يردون,خدم عملاء ردي لا يرد
318,ماا اانصح ااحد يروح االمكاان مو زين,negative,ماا اانصح ااحد يروح االمكاان مو زين,ماا نصح احد يرح الم مو زين
18,اول مرة اجرب وطلع ممتاز جدا,positive,اول مره اجرب وطلع ممتاز جدا,اول مره جرب طلع متز جدا
172,الاكل تعبانة والخدمة اسوا,negative,الاكل تعبانه والخدمه اسوا,اكل تعب خدم اسا
182,تجربة ممتاز بكل المقاييس,positive,تجربه ممتاز بكل المقاييس,جرب متز بكل مقاييس
20,خدمة العملاء تعبان لا يردون,negative,خدمه العملاء تعبان لا يردون,خدم عملاء تعب لا يرد
301,تجربة ممتاز بكل المقاييس,positive,تجربه ممتاز بكل المقاييس,جرب متز بكل مقاييس
226,االمنتج خرب بسرعة جودة ردية,negative,االمنتج خرب بسرعه جوده رديه,نتج خرب سرع جود رده
382,االااكل سيئة واالخدمة ااسواا,negative,االااكل سيئه واالخدمه ااسواا,اكل سيئ واالخدمه اسا
160,تاخير كبير والتعامل تعبان,negative,تاخير كبير والتعامل تعبان,اخر كبر عمل تعب
276,الاكل فاشل والخدمة اسوا,negative,الاكل فاشل والخدمه اسوا,اكل فشل خدم اسا
452,المنتج تمام نفس الوصف بالضبط,positive,المنتج تمام نفس الوصف بالضبط,نتج تمم نفس وصف ضبط
472,والله الخدمة ردية جدا ما انصح,negative,والله الخدمه رديه جدا ما انصح,ولل خدم رده جدا ما نصح
307,خدمة العملاء ماشي لا يردون,negative,خدمه العملاء ماشي لا يردون,خدم عملاء اشي لا يرد
445,منتج تماام واانصح االجميع فيه,positive,منتج تماام واانصح االجميع فيه,نتج مام نصح جمع فيه
447,انصحكم فيه المكان رائع بزاف,positive,انصحكم فيه المكان رائع بزاف,نصح فيه كان رئع بزف
141,المنتج خرب بسرعة جودة ردي,negative,المنتج خرب بسرعه جوده ردي,نتج خرب سرع جود ردي
391,اول مرة اجرب وطلع ممتاز جدا,positive,اول مره اجرب وطلع ممتاز جدا,اول مره جرب طلع متز جدا
219,تعامل راقي جدااا والخدمة قمة,positive,تعامل راقي جدا والخدمه قمه,عمل رقي جدا خدم قمه
137,منتج جميلة وانصح الجميع فيه,positive,منتج جميله وانصح الجميع فيه,نتج جمل نصح جمع فيه
353,االمكاان مو حلو واالنظاافة صفر,negative,االمكاان مو حلو واالنظاافه صفر,الم مو حلو واالنظاافه صفر
287,المنتج خرب بسرعة جودة ماشي,negative,المنتج خرب بسرعه جوده ماشي,نتج خرب سرع جود اشي
147,اسعار مبالغ فيها والخدمة فاشل,negative,اسعار مبالغ فيها والخدمه فاشل,سعر بلغ فيه خدم فشل
475,تاخير كبير والتعامل ماشي,negative,تاخير كبير والتعامل ماشي,اخر كبر عمل اشي
307,ما عندي كلام اقوله غير حلوة,positive,ما عندي كلام اقوله غير حلوه,ما عند كلم اقل غير حله
346,لاا اانصح اابداا االخدمة مو حلو,negative,لاا اانصح اابداا االخدمه مو حلو,لاا نصح ابد خدم مو حلو
461,المنتج وصل بسرعة والجودة خرافي,positive,المنتج وصل بسرعه والجوده خرافي,نتج وصل سرع جود خرف
464,الله يعطيهم العافية خدمتهم تمام,positive,الله يعطيهم العافيه خدمتهم تمام,الل يعط عفي خدم تمم
243,لا انصح ابدا الخدمة سيء,negative,لا انصح ابدا الخدمه سيء,لا نصح ابد خدم سيء
341,الاكل طيب مررررة قمة والسعر معقول,positive,الاكل طيب مره قمه والسعر معقول,اكل طيب مره قمه سعر عقل
442,منتج حلوة وانصح الجميع فيه,positive,منتج حلوه وانصح الجميع فيه,نتج حله نصح جمع فيه
321,تجربة حلوة بكل المقاييس,positive,تجربه حلوه بكل المقاييس,جرب حله بكل مقاييس
401,والله الخدمة زفت جدا ما انصح,negative,والله الخدمه زفت جدا ما انصح,ولل خدم زفت جدا ما نصح
496,المكان سيء والاسعار غالية بزاف,negative,المكان سيء والاسعار غاليه بزاف,كان سيء سعر غلي بزف
192,المنتج سيء ما يستاهل فلوسه,negative,المنتج سيء ما يستاهل فلوسه,نتج سيء ما تهل فلس
242,المنتج فاشلة غير الصور,negative,المنتج فاشله غير الصور,نتج فشل غير صور
429,زرت المكان امس والحمد لله كان قمة,positive,زرت المكان امس والحمد لله كان قمه,زرت كان امس حمد لله كان قمه
234,والله المكان خرافي ما تنلقى زيه في صنعاء,positive,والله المكان خرافي ما تنلقي زيه في صنعاء,ولل كان خرف ما نلق زيه في صنعاء
277,منتج طيب وانصح الجميع فيه,positive,منتج طيب وانصح الجميع فيه,نتج طيب نصح جمع فيه
160,ما عندي كلام اقوله غير رائعة,positive,ما عندي كلام اقوله غير رائعه,ما عند كلم اقل غير رئع
375,خيبة امل كبيرة الخدمة سيء,negative,خيبه امل كبيره الخدمه سيء,خيب امل كبر خدم سيء
270,االجودة طيب واالسعر ممتااز,positive,االجوده طيب واالسعر ممتااز,لجد طيب سعر ممتااز
420,خدمة العملاء مو حلو لا يردون,negative,خدمه العملاء مو حلو لا يردون,خدم عملاء مو حلو لا يرد
392,ماا اانصح ااحد يروح االمكاان سيء,negative,ماا اانصح ااحد يروح االمكاان سيء,ماا نصح احد يرح الم سيء
146,الاكل جميلة والخدمة احسن,positive,الاكل جميله والخدمه احسن,اكل جمل خدم احس
271,المكان مو حلو والاسعار غالية بزاف,negative,المكان مو حلو والاسعار غاليه بزاف,كان مو حلو سعر غلي بزف
217,تجربة ممتاز بكل المقاييس,positive,تجربه ممتاز بكل المقاييس,جرب متز بكل مقاييس
289,المنتج خرب بسرعة جودة مو زين,negative,المنتج خرب بسرعه جوده مو زين,نتج خرب سرع جود مو زين
370,والله الخدمة تعبان جدا ما انصح,negative,والله الخدمه تعبان جدا ما انصح,ولل خدم تعب جدا ما نصح
456,والله المكان رائعة ما تنلقى زيه في صنعاء,positive,والله المكان رائعه ما تنلقي زيه في صنعاء,ولل كان رئع ما نلق زيه في صنعاء
212,والله المكان جميلة ما تنلقى زيه في صنعاء,positive,والله المكان جميله ما تنلقي زيه في صنعاء,ولل كان جمل ما نلق زيه في صنعاء
211,المكان نظيف وخرافية واسعاره مناسبة,positive,المكان نظيف وخرافيه واسعاره مناسبه,كان نظف خرف سعر نسب
173,منتج ممتااز واانصح االجميع فيه,positive,منتج ممتااز واانصح االجميع فيه,نتج ممتااز نصح جمع فيه
236,المكان مو حلو والنظافة صفر,negative,المكان مو حلو والنظافه صفر,كان مو حلو نظف صفر
376,المكان زفت والاسعار غالية بزاف,negative,المكان زفت والاسعار غاليه بزاف,كان زفت سعر غلي بزف
354,المنتج ردية ما يستاهل فلوسه,negative,المنتج رديه ما يستاهل فلوسه,نتج رده ما تهل فلس
176,انصحكم فيه المكان اسطوري بزاف,positive,انصحكم فيه المكان اسطوري بزاف,نصح فيه كان سطر بزف
230,الجودة حلو والسعر ممتاز,positive,الجوده حلو والسعر ممتاز,جود حلو سعر متز
457,توصيل مو حلو وصل متااخر جداا,negative,توصيل مو حلو وصل متااخر جداا,وصل مو حلو وصل ااخر جدا
485,تعامل راقي وخدمة قمة,positive,تعامل راقي وخدمه قمه,عمل رقي خدم قمه
359,المكان مو زين والنظافة صفر,negative,المكان مو زين والنظافه صفر,كان مو زين نظف صفر
19,تعامل راقي وخدمة رائعة,positive,تعامل راقي وخدمه رائعه,عمل رقي خدم رئع
95,تاخير كبير والتعامل ردية,negative,تاخير كبير والتعامل رديه,اخر كبر عمل رده
362,تعاامل رااقي جداااااا واالخدمة ااسطوري,positive,تعاامل رااقي جدا واالخدمه ااسطوري,عامل راق جدا واالخدمه سطر
327,خدمة العملاء اسطوري والتوصيل سريع,positive,خدمه العملاء اسطوري والتوصيل سريع,خدم عملاء سطر وصل سرع
500,الاكل ردية والخدمة اسوا,negative,الاكل رديه والخدمه اسوا,اكل رده خدم اسا
489,والله الخدمة فاشل جدا ما انصح,negative,والله الخدمه فاشل جدا ما انصح,ولل خدم فشل جدا ما نصح
361,المنتج جميلة نفس الوصف بالضبط,positive,المنتج جميله نفس الوصف بالضبط,نتج جمل نفس وصف ضبط
87,اسعار مبالغ فيها والخدمة ماشي,negative,اسعار مبالغ فيها والخدمه ماشي,سعر بلغ فيه خدم اشي
459,جودة تعبانة والسعر مرتفع,negative,جوده تعبانه والسعر مرتفع,جود تعب سعر رفع
223,المنتج وصل بسرعة والجودة خرافي,positive,المنتج وصل بسرعه والجوده خرافي,نتج وصل سرع جود خرف
193,لا انصح ابدا الخدمة فاشلة,negative,لا انصح ابدا الخدمه فاشله,لا نصح ابد خدم فشل
125,تعامل راقي وخدمة روعة,positive,تعامل راقي وخدمه روعه,عمل رقي خدم روع
36,االمنتج وصل بسرعة واالجودة راائعة,positive,االمنتج وصل بسرعه واالجوده راائعه,نتج وصل سرع واالجوده راع
476,ما عندي كلام اقوله غير قمة,positive,ما عندي كلام اقوله غير قمه,ما عند كلم اقل غير قمه
499,اسوا تجربة الخدمة مو زين,negative,اسوا تجربه الخدمه مو زين,اسا جرب خدم مو زين
5,الاكل طيب مررررة تمام والسعر معقول,positive,الاكل طيب مره تمام والسعر معقول,اكل طيب مره تمم سعر عقل
188,ما عندي كلام اقوله غير طيب,positive,ما عندي كلام اقوله غير طيب,ما عند كلم اقل غير طيب
48,االمكاان نظيف وخراافية وااسعااره منااسبة,positive,االمكاان نظيف وخراافيه وااسعااره منااسبه,الم نظف وخراافيه وااسعااره منااسب
194,زرت االمكاان اامس واالحمد لله كاان راائعة,positive,زرت االمكاان اامس واالحمد لله كاان راائعه,زرت الم امس حمد لله كان راع
456,جودة مو حلو والسعر مرتفع,negative,جوده مو حلو والسعر مرتفع,جود مو حلو سعر رفع
272,ما عندي كلام اقوله غير رائعة,positive,ما عندي كلام اقوله غير رائعه,ما عند كلم اقل غير رئع
69,تجربة حلوة بكل المقاييس,positive,تجربه حلوه بكل المقاييس,جرب حله بكل مقاييس
195,المنتج خرب بسرعة جودة سيئة,negative,المنتج خرب بسرعه جوده سيئه,نتج خرب سرع جود سيئ
143,تجربة ردية لن ااعود مرة ثاانية,negative,تجربه رديه لن ااعود مره ثاانيه,جرب رده لن اعد مره ثان
105,واالله االخدمة زفت جداا ماا اانصح,negative,واالله االخدمه زفت جداا ماا اانصح,الل خدم زفت جدا ماا نصح
440,خدمة العملاء رائعة والتوصيل سريع,positive,خدمه العملاء رائعه والتوصيل سريع,خدم عملاء رئع وصل سرع
3,اول مرة اجرب وطلع تمام جدا,positive,اول مره اجرب وطلع تمام جدا,اول مره جرب طلع تمم جدا
245,ما انصح احد يروح المكان سيء,negative,ما انصح احد يروح المكان سيء,ما نصح احد يرح كان سيء
462,الله يعطيهم العافية خدمتهم رائعة,positive,الله يعطيهم العافيه خدمتهم رائعه,الل يعط عفي خدم رئع
198,والله المكان ممتازة ما تنلقى زيه في صنعاء,positive,والله المكان ممتازه ما تنلقي زيه في صنعاء,ولل كان متز ما نلق زيه في صنعاء
115,لاا اانصح اابداا االخدمة مو زين,negative,لاا اانصح اابداا االخدمه مو زين,لاا نصح ابد خدم مو زين
60,بصراحة المكان ممتازة ما توقعت كذا,positive,بصراحه المكان ممتازه ما توقعت كذا,صرح كان متز ما وقع كذا
499,انصحكم فيه المكان خرافية بزاف,positive,انصحكم فيه المكان خرافيه بزاف,نصح فيه كان خرف بزف
232,زرت االمكاان اامس واالحمد لله كاان طيب,positive,زرت االمكاان اامس واالحمد لله كاان طيب,زرت الم امس حمد لله كان طيب
275,المنتج خايسة ما يستاهل فلوسه,negative,المنتج خايسه ما يستاهل فلوسه,نتج خيس ما تهل فلس
258,المكان ماشي والاسعار غالية بزاف,negative,المكان ماشي والاسعار غاليه بزاف,كان اشي سعر غلي بزف
487,ما انصح احد يروح المكان سيئة,negative,ما انصح احد يروح المكان سيئه,ما نصح احد يرح كان سيئ
167,المنتج خرافية نفس الوصف بالضبط,positive,المنتج خرافيه نفس الوصف بالضبط,نتج خرف نفس وصف ضبط
444,خدمة العملاء فاشل لا يردون,negative,خدمه العملاء فاشل لا يردون,خدم عملاء فشل لا يرد
399,تعامل خايسة ما يحترمون الزبون,negative,تعامل خايسه ما يحترمون الزبون,عمل خيس ما حرم زبن
340,تاخير كبير والتعامل سيئة,negative,تاخير كبير والتعامل سيئه,اخر كبر عمل سيئ
352,الجودة جميل والسعر ممتاز,positive,الجوده جميل والسعر ممتاز,جود جمل سعر متز
297,الاكل ردية والخدمة اسوا,negative,الاكل رديه والخدمه اسوا,اكل رده خدم اسا
121,تجربة روعة بكل المقاييس,positive,تجربه روعه بكل المقاييس,جرب روع بكل مقاييس
410,جودة فااشلة واالسعر مرتفع,negative,جوده فااشله واالسعر مرتفع,جود اشل سعر رفع
77,االمنتج وصل متااخر واالجودة زفت,negative,االمنتج وصل متااخر واالجوده زفت,نتج وصل ااخر واالجوده زفت
8,لا انصح ابدا الخدمة خايس,negative,لا انصح ابدا الخدمه خايس,لا نصح ابد خدم خيس
426,الاكل جميل والخدمة احسن,positive,الاكل جميل والخدمه احسن,اكل جمل خدم احس
185,اسعار مبالغ فيها والخدمة تعبانة,negative,اسعار مبالغ فيها والخدمه تعبانه,سعر بلغ فيه خدم تعب
384,خيبة اامل كبيرة االخدمة تعباانة,negative,خيبه اامل كبيره االخدمه تعباانه,خيب امل كبر خدم تعب
478,المكان سيئة والنظافة صفر,negative,المكان سيئه والنظافه صفر,كان سيئ نظف صفر
82,ما عندي كلام اقوله غير طيب,positive,ما عندي كلام اقوله غير طيب,ما عند كلم اقل غير طيب
240,الجودة رائعة والسعر ممتاز,positive,الجوده رائعه والسعر ممتاز,جود رئع سعر متز
127,ما انصح احد يروح المكان تعبان,negative,ما انصح احد يروح المكان تعبان,ما نصح احد يرح كان تعب
306,الاكل روعة والخدمة احسن,positive,الاكل روعه والخدمه احسن,اكل روع خدم احس
16,زرت المكان امس والحمد لله كان ممتاز,positive,زرت المكان امس والحمد لله كان ممتاز,زرت كان امس حمد لله كان متز
465,تعامل راقي جدااا والخدمة ممتازة,positive,تعامل راقي جدا والخدمه ممتازه,عمل رقي جدا خدم متز
333,ما عندي كلام اقوله غير حلوة,positive,ما عندي كلام اقوله غير حلوه,ما عند كلم اقل غير حله
283,والله الخدمة زفت جدا ما انصح,negative,والله الخدمه زفت جدا ما انصح,ولل خدم زفت جدا ما نصح
104,خدمة العملاء زفت لا يردون,negative,خدمه العملاء زفت لا يردون,خدم عملاء زفت لا يرد
288,ما انصح احد يروح المكان سيء,negative,ما انصح احد يروح المكان سيء,ما نصح احد يرح كان سيء
431,المنتج خرب بسرعة جودة خايسة,negative,المنتج خرب بسرعه جوده خايسه,نتج خرب سرع جود خيس
377,انصحكم فيه المكان خرافية بزاف,positive,انصحكم فيه المكان خرافيه بزاف,نصح فيه كان خرف بزف
494,الاكل سيئة والخدمة اسوا,negative,الاكل سيئه والخدمه اسوا,اكل سيئ خدم اسا
296,ما انصح احد يروح المكان خايس,negative,ما انصح احد يروح المكان خايس,ما نصح احد يرح كان خيس
340,الاكل قمة والخدمة احسن,positive,الاكل قمه والخدمه احسن,اكل قمه خدم احس
282,المنتج وصل بسرعة والجودة جميلة,positive,المنتج وصل بسرعه والجوده جميله,نتج وصل سرع جود جمل
109,تجربة خايس لن اعود مرة ثانية,negative,تجربه خايس لن اعود مره ثانيه,جرب خيس لن اعد مره ثني
479,منتج رائعة وانصح الجميع فيه,positive,منتج رائعه وانصح الجميع فيه,نتج رئع نصح جمع فيه
48,تاخير كبير والتعامل خايس,negative,تاخير كبير والتعامل خايس,اخر كبر عمل خيس
175,تعامل فاشلة ما يحترمون الزبون,negative,تعامل فاشله ما يحترمون الزبون,عمل فشل ما حرم زبن
255,ما انصح احد يروح المكان ردي,negative,ما انصح احد يروح المكان ردي,ما نصح احد يرح كان ردي
108,والله المكان اسطوري ما تنلقى زيه في صنعاء,positive,والله المكان اسطوري ما تنلقي زيه في صنعاء,ولل كان سطر ما نلق زيه في صنعاء
207,المنتج وصل متاخر والجودة فاشلة,negative,المنتج وصل متاخر والجوده فاشله,نتج وصل تخر جود فشل
467,المنتج ممتاز نفس الوصف بالضبط,positive,المنتج ممتاز نفس الوصف بالضبط,نتج متز نفس وصف ضبط
138,المنتج خرافي نفس الوصف بالضبط,positive,المنتج خرافي نفس الوصف بالضبط,نتج خرف نفس وصف ضبط
422,خدمة العملاء فاشلة لا يردون,negative,خدمه العملاء فاشله لا يردون,خدم عملاء فشل لا يرد
278,لا انصح ابدا الخدمة مو زين,negative,لا انصح ابدا الخدمه مو زين,لا نصح ابد خدم مو زين
418,الله يعطيهم العافية خدمتهم روعة,positive,الله يعطيهم العافيه خدمتهم روعه,الل يعط عفي خدم روع
408,افضل مكان في المنطقة الخدمة جميل,positive,افضل مكان في المنطقه الخدمه جميل,فضل كان في طقه خدم جمل
477,تعامل راقي جدااا والخدمة جميل,positive,تعامل راقي جدا والخدمه جميل,عمل رقي جدا خدم جمل
327,جودة تعبان والسعر مرتفع,negative,جوده تعبان والسعر مرتفع,جود تعب سعر رفع
290,اول مرة اجرب وطلع خرافي جدا,positive,اول مره اجرب وطلع خرافي جدا,اول مره جرب طلع خرف جدا
177,خدمة االعملااء سيء لاا يردون,negative,خدمه االعملااء سيء لاا يردون,خدم االعملااء سيء لاا يرد
251,تاخير كبير والتعامل ردي,negative,تاخير كبير والتعامل ردي,اخر كبر عمل ردي
417,الله يعطيهم العافية خدمتهم قمة,positive,الله يعطيهم العافيه خدمتهم قمه,الل يعط عفي خدم قمه
469,تعامل راقي جدااا والخدمة طيب,positive,تعامل راقي جدا والخدمه طيب,عمل رقي جدا خدم طيب
394,للاسف التعامل سيئة جدا,negative,للاسف التعامل سيئه جدا,اسف عمل سيئ جدا
168,المنتج وصل متاخر والجودة فاشلة,negative,المنتج وصل متاخر والجوده فاشله,نتج وصل تخر جود فشل
126,خدمة االعملااء روعة واالتوصيل سريع,positive,خدمه االعملااء روعه واالتوصيل سريع,خدم االعملااء روع واالتوصيل سرع
475,زرت المكان امس والحمد لله كان رائعة,positive,زرت المكان امس والحمد لله كان رائعه,زرت كان امس حمد لله كان رئع
208,افضل مكان في المنطقة الخدمة روعة,positive,افضل مكان في المنطقه الخدمه روعه,فضل كان في طقه خدم روع
64,الاكل جميلة والخدمة احسن,positive,الاكل جميله والخدمه احسن,اكل جمل خدم احس
225,المنتج تعبان ما يستاهل فلوسه,negative,المنتج تعبان ما يستاهل فلوسه,نتج تعب ما تهل فلس
406,المنتج جميل نفس الوصف بالضبط,positive,المنتج جميل نفس الوصف بالضبط,نتج جمل نفس وصف ضبط
480,الله يعطيهم العافية خدمتهم اسطوري,positive,الله يعطيهم العافيه خدمتهم اسطوري,الل يعط عفي خدم سطر
187,تاخير كبير والتعامل فاشلة,negative,تاخير كبير والتعامل فاشله,اخر كبر عمل فشل
111,والله الخدمة تعبانة جدا ما انصح,negative,والله الخدمه تعبانه جدا ما انصح,ولل خدم تعب جدا ما نصح
252,لا انصح ابدا الخدمة تعبانة,negative,لا انصح ابدا الخدمه تعبانه,لا نصح ابد خدم تعب
151,تجربة ردي لن اعود مرة ثانية,negative,تجربه ردي لن اعود مره ثانيه,جرب ردي لن اعد مره ثني
356,الله يعطيهم العافية خدمتهم حلوة,positive,الله يعطيهم العافيه خدمتهم حلوه,الل يعط عفي خدم حله
267,للاسف التعامل فاشلة جدا,negative,للاسف التعامل فاشله جدا,اسف عمل فشل جدا
411,تجربة مو زين لن اعود مرة ثانية,negative,تجربه مو زين لن اعود مره ثانيه,جرب مو زين لن اعد مره ثني
345,لا انصح ابدا الخدمة مو حلو,negative,لا انصح ابدا الخدمه مو حلو,لا نصح ابد خدم مو حلو
210,المكان نظيف وممتاز واسعاره مناسبة,positive,المكان نظيف وممتاز واسعاره مناسبه,كان نظف متز سعر نسب
30,بصراحة المكان حلوة ما توقعت كذا,positive,بصراحه المكان حلوه ما توقعت كذا,صرح كان حله ما وقع كذا
350,اانصحكم فيه االمكاان طيبة بزااف,positive,اانصحكم فيه االمكاان طيبه بزااف,نصح فيه الم طيب زاف
150,المنتج وصل بسرعة والجودة حلوة,positive,المنتج وصل بسرعه والجوده حلوه,نتج وصل سرع جود حله
77,ما شاء الله الخدمة حلو والطاقم محترم جدا,positive,ما شاء الله الخدمه حلو والطاقم محترم جدا,ما شاء الل خدم حلو طقم حرم جدا
286,المنتج وصل بسرعة والجودة جميل,positive,المنتج وصل بسرعه والجوده جميل,نتج وصل سرع جود جمل
439,والله المكان تمام ما تنلقى زيه في صنعاء,positive,والله المكان تمام ما تنلقي زيه في صنعاء,ولل كان تمم ما نلق زيه في صنعاء
346,افضل مكان في المنطقة الخدمة خرافي,positive,افضل مكان في المنطقه الخدمه خرافي,فضل كان في طقه خدم خرف
49,خيبة امل كبيرة الخدمة فاشلة,negative,خيبه امل كبيره الخدمه فاشله,خيب امل كبر خدم فشل
231,ما عندي كلام اقوله غير جميل,positive,ما عندي كلام اقوله غير جميل,ما عند كلم اقل غير جمل
68,جودة ماشي والسعر مرتفع,negative,جوده ماشي والسعر مرتفع,جود اشي سعر رفع
221,الاكل خرافي والخدمة احسن,positive,الاكل خرافي والخدمه احسن,اكل خرف خدم احس
421,خدمة العملاء خايس لا يردون,negative,خدمه العملاء خايس لا يردون,خدم عملاء خيس لا يرد
33,والله الخدمة ماشي جدا ما انصح,negative,والله الخدمه ماشي جدا ما انصح,ولل خدم اشي جدا ما نصح
83,الله يعطيهم العافية خدمتهم روعة,positive,الله يعطيهم العافيه خدمتهم روعه,الل يعط عفي خدم روع
488,المكان نظيف وخرافي واسعاره مناسبة,positive,المكان نظيف وخرافي واسعاره مناسبه,كان نظف خرف سعر نسب
393,المنتج تعبانة غير الصور,negative,المنتج تعبانه غير الصور,نتج تعب غير صور
157,خيبة امل كبيرة الخدمة تعبانة,negative,خيبه امل كبيره الخدمه تعبانه,خيب امل كبر خدم تعب
272,الاكل ماشي والخدمة اسوا,negative,الاكل ماشي والخدمه اسوا,اكل اشي خدم اسا
161,والله المكان رائعة ما تنلقى زيه في صنعاء,positive,والله المكان رائعه ما تنلقي زيه في صنعاء,ولل كان رئع ما نلق زيه في صنعاء
331,ااول مرة ااجرب وطلع راائع جداا,positive,ااول مره ااجرب وطلع راائع جداا,اول مره جرب طلع راع جدا
3,جودة ماشي والسعر مرتفع,negative,جوده ماشي والسعر مرتفع,جود اشي سعر رفع
489,المكان نظيف وتمام واسعاره مناسبة,positive,المكان نظيف وتمام واسعاره مناسبه,كان نظف تمم سعر نسب
266,المنتج فاشل غير الصور,negative,المنتج فاشل غير الصور,نتج فشل غير صور
500,بصرااحة االمكاان روعة ماا توقعت كذاا,positive,بصرااحه االمكاان روعه ماا توقعت كذاا,صراح الم روع ماا وقع كذا
336,المنتج وصل بسرعة والجودة حلو,positive,المنتج وصل بسرعه والجوده حلو,نتج وصل سرع جود حلو
390,خيبة امل كبيرة الخدمة ماشي,negative,خيبه امل كبيره الخدمه ماشي,خيب امل كبر خدم اشي
313,اسعار مبالغ فيها والخدمة فاشل,negative,اسعار مبالغ فيها والخدمه فاشل,سعر بلغ فيه خدم فشل
492,المنتج وصل متاخر والجودة ردية,negative,المنتج وصل متاخر والجوده رديه,نتج وصل تخر جود رده
10,ما عندي كلام اقوله غير حلوة,positive,ما عندي كلام اقوله غير حلوه,ما عند كلم اقل غير حله
120,ما عندي كلام اقوله غير حلو,positive,ما عندي كلام اقوله غير حلو,ما عند كلم اقل غير حلو
438,تعامل مو حلو ما يحترمون الزبون,negative,تعامل مو حلو ما يحترمون الزبون,عمل مو حلو ما حرم زبن
115,افضل مكان في المنطقة الخدمة رائعة,positive,افضل مكان في المنطقه الخدمه رائعه,فضل كان في طقه خدم رئع
113,المكان خايس والنظافة صفر,negative,المكان خايس والنظافه صفر,كان خيس نظف صفر
119,المنتج حلوة نفس الوصف بالضبط,positive,المنتج حلوه نفس الوصف بالضبط,نتج حله نفس وصف ضبط
251,تعاامل رااقي جداااااا واالخدمة راائع,positive,تعاامل رااقي جدا واالخدمه راائع,عامل راق جدا واالخدمه راع
497,تجربة رائعة بكل المقاييس,positive,تجربه رائعه بكل المقاييس,جرب رئع بكل مقاييس
23,منتج رائعة وانصح الجميع فيه,positive,منتج رائعه وانصح الجميع فيه,نتج رئع نصح جمع فيه
498,المكان تعبان والاسعار غالية بزاف,negative,المكان تعبان والاسعار غاليه بزاف,كان تعب سعر غلي بزف
395,تاخير كبير والتعامل مو حلو,negative,تاخير كبير والتعامل مو حلو,اخر كبر عمل مو حلو
473,بصراحة المكان ممتازة ما توقعت كذا,positive,بصراحه المكان ممتازه ما توقعت كذا,صرح كان متز ما وقع كذا
373,ما عندي كلام اقوله غير تمام,positive,ما عندي كلام اقوله غير تمام,ما عند كلم اقل غير تمم
468,زرت االمكاان اامس واالحمد لله كاان جميلة,positive,زرت االمكاان اامس واالحمد لله كاان جميله,زرت الم امس حمد لله كان جمل
231,خيبة امل كبيرة الخدمة زفت,negative,خيبه امل كبيره الخدمه زفت,خيب امل كبر خدم زفت
344,تجربة ممتاز بكل المقاييس,positive,تجربه ممتاز بكل المقاييس,جرب متز بكل مقاييس
167,المنتج خايسة ما يستاهل فلوسه,negative,المنتج خايسه ما يستاهل فلوسه,نتج خيس ما تهل فلس
306,اسوا تجربة الخدمة سيئة,negative,اسوا تجربه الخدمه سيئه,اسا جرب خدم سيئ
169,االله يعطيهم االعاافية خدمتهم طيب,positive,االله يعطيهم االعاافيه خدمتهم طيب,الل يعط االعاافيه خدم طيب
42,انصحكم فيه المكان حلوة بزاف,positive,انصحكم فيه المكان حلوه بزاف,نصح فيه كان حله بزف
319,خيبة امل كبيرة الخدمة تعبانة,negative,خيبه امل كبيره الخدمه تعبانه,خيب امل كبر خدم تعب
432,اسعار مبالغ فيها والخدمة ماشي,negative,اسعار مبالغ فيها والخدمه ماشي,سعر بلغ فيه خدم اشي
281,المنتج حلوة نفس الوصف بالضبط,positive,المنتج حلوه نفس الوصف بالضبط,نتج حله نفس وصف ضبط
244,االمكاان نظيف وراائعة وااسعااره منااسبة,positive,االمكاان نظيف وراائعه وااسعااره منااسبه,الم نظف راع وااسعااره منااسب
166,انصحكم فيه المكان رائعة بزاف,positive,انصحكم فيه المكان رائعه بزاف,نصح فيه كان رئع بزف
43,المنتج وصل بسرعة والجودة حلوة,positive,المنتج وصل بسرعه والجوده حلوه,نتج وصل سرع جود حله
279,جودة خايس والسعر مرتفع,negative,جوده خايس والسعر مرتفع,جود خيس سعر رفع
253,االمنتج روعة نفس االوصف باالضبط,positive,االمنتج روعه نفس االوصف باالضبط,نتج روع نفس وصف ضبط
25,انصحكم فيه المكان تمام بزاف,positive,انصحكم فيه المكان تمام بزاف,نصح فيه كان تمم بزف
52,انصحكم فيه المكان جميل بزاف,positive,انصحكم فيه المكان جميل بزاف,نصح فيه كان جمل بزف
246,الاكل ماشي والخدمة اسوا,negative,الاكل ماشي والخدمه اسوا,اكل اشي خدم اسا
159,تعامل راقي جدااا والخدمة ممتازة,positive,تعامل راقي جدا والخدمه ممتازه,عمل رقي جدا خدم متز
455,المنتج مو زين ما يستاهل فلوسه,negative,المنتج مو زين ما يستاهل فلوسه,نتج مو زين ما تهل فلس
249,االمكاان سيئة واالااسعاار غاالية بزااف,negative,االمكاان سيئه واالااسعاار غااليه بزااف,الم سيئ واالااسعاار غال زاف
248,تجربة اسطوري بكل المقاييس,positive,تجربه اسطوري بكل المقاييس,جرب سطر بكل مقاييس
29,والله المكان رائع ما تنلقى زيه في صنعاء,positive,والله المكان رائع ما تنلقي زيه في صنعاء,ولل كان رئع ما نلق زيه في صنعاء
304,المنتج وصل متاخر والجودة فاشل,negative,المنتج وصل متاخر والجوده فاشل,نتج وصل تخر جود فشل
56,جودة مو حلو والسعر مرتفع,negative,جوده مو حلو والسعر مرتفع,جود مو حلو سعر رفع
302,الله يعطيهم العافية خدمتهم اسطوري,positive,الله يعطيهم العافيه خدمتهم اسطوري,الل يعط عفي خدم سطر
149,ماا شااء االله االخدمة جميلة واالطااقم محترم جداا,positive,ماا شااء االله االخدمه جميله واالطااقم محترم جداا,ماا شاء الل خدم جمل واالطااقم حرم جدا
284,المنتج ماشي غير الصور,negative,المنتج ماشي غير الصور,نتج اشي غير صور
280,الاكل تعبان والخدمة اسوا,negative,الاكل تعبان والخدمه اسوا,اكل تعب خدم اسا
305,تاخير كبير والتعامل فاشل,negative,تاخير كبير والتعامل فاشل,اخر كبر عمل فشل
339,انصحكم فيه المكان رائعة بزاف,positive,انصحكم فيه المكان رائعه بزاف,نصح فيه كان رئع بزف
189,المنتج وصل بسرعة والجودة رائعة,positive,المنتج وصل بسرعه والجوده رائعه,نتج وصل سرع جود رئع
205,المكان ماشي والنظافة صفر,negative,المكان ماشي والنظافه صفر,كان اشي نظف صفر
79,جودة زفت والسعر مرتفع,negative,جوده زفت والسعر مرتفع,جود زفت سعر رفع
12,بصراحة المكان رائعة ما توقعت كذا,positive,بصراحه المكان رائعه ما توقعت كذا,صرح كان رئع ما وقع كذا
444,والله المكان طيبة ما تنلقى زيه في صنعاء,positive,والله المكان طيبه ما تنلقي زيه في صنعاء,ولل كان طيب ما نلق زيه في صنعاء
294,تعامل راقي جدااا والخدمة حلو,positive,تعامل راقي جدا والخدمه حلو,عمل رقي جدا خدم حلو
108,المنتج وصل متاخر والجودة تعبان,negative,المنتج وصل متاخر والجوده تعبان,نتج وصل تخر جود تعب
123,المكان نظيف وجميل واسعاره مناسبة,positive,المكان نظيف وجميل واسعاره مناسبه,كان نظف جمل سعر نسب
487,والله المكان روعة ما تنلقى زيه في صنعاء,positive,والله المكان روعه ما تنلقي زيه في صنعاء,ولل كان روع ما نلق زيه في صنعاء
222,للاسف التعامل تعبان جدا,negative,للاسف التعامل تعبان جدا,اسف عمل تعب جدا
71,ما عندي كلام اقوله غير طيبة,positive,ما عندي كلام اقوله غير طيبه,ما عند كلم اقل غير طيب
214,انصحكم فيه المكان خرافي بزاف,positive,انصحكم فيه المكان خرافي بزاف,نصح فيه كان خرف بزف
18,اسعار مبالغ فيها والخدمة ماشي,negative,اسعار مبالغ فيها والخدمه ماشي,سعر بلغ فيه خدم اشي
433,خيبة امل كبيرة الخدمة تعبانة,negative,خيبه امل كبيره الخدمه تعبانه,خيب امل كبر خدم تعب
31,خدمة العملاء ماشي لا يردون,negative,خدمه العملاء ماشي لا يردون,خدم عملاء اشي لا يرد
416,خدمة االعملااء خاايس لاا يردون,negative,خدمه االعملااء خاايس لاا يردون,خدم االعملااء خايس لاا يرد
373,ما انصح احد يروح المكان مو زين,negative,ما انصح احد يروح المكان مو زين,ما نصح احد يرح كان مو زين
357,خدمة العملاء مو زين لا يردون,negative,خدمه العملاء مو زين لا يردون,خدم عملاء مو زين لا يرد
308,ماا اانصح ااحد يروح االمكاان مو زين,negative,ماا اانصح ااحد يروح االمكاان مو زين,ماا نصح احد يرح الم مو زين
407,والله الخدمة ماشي جدا ما انصح,negative,والله الخدمه ماشي جدا ما انصح,ولل خدم اشي جدا ما نصح
281,المنتج وصل متاخر والجودة سيء,negative,المنتج وصل متاخر والجوده سيء,نتج وصل تخر جود سيء
350,المكان تعبانة والاسعار غالية بزاف,negative,المكان تعبانه والاسعار غاليه بزاف,كان تعب سعر غلي بزف
397,االمنتج زفت ماا يستااهل فلوسه,negative,االمنتج زفت ماا يستااهل فلوسه,نتج زفت ماا اهل فلس
474,تعامل سيئة ما يحترمون الزبون,negative,تعامل سيئه ما يحترمون الزبون,عمل سيئ ما حرم زبن
445,االمنتج وصل متااخر واالجودة زفت,negative,االمنتج وصل متااخر واالجوده زفت,نتج وصل ااخر واالجوده زفت
93,المكان زفت والاسعار غالية بزاف,negative,المكان زفت والاسعار غاليه بزاف,كان زفت سعر غلي بزف
57,تجربة سيئة لن اعود مرة ثانية,negative,تجربه سيئه لن اعود مره ثانيه,جرب سيئ لن اعد مره ثني
201,االله يعطيهم االعاافية خدمتهم طيب,positive,االله يعطيهم االعاافيه خدمتهم طيب,الل يعط االعاافيه خدم طيب
409,تاخير كبير والتعامل زفت,negative,تاخير كبير والتعامل زفت,اخر كبر عمل زفت
447,للاسف التعامل فاشل جدا,negative,للاسف التعامل فاشل جدا,اسف عمل فشل جدا
269,االمكاان تعباان واالااسعاار غاالية بزااف,negative,االمكاان تعباان واالااسعاار غااليه بزااف,الم تعب واالااسعاار غال زاف
152,خيبة امل كبيرة الخدمة سيئة,negative,خيبه امل كبيره الخدمه سيئه,خيب امل كبر خدم سيئ
103,زرت المكان امس والحمد لله كان خرافي,positive,زرت المكان امس والحمد لله كان خرافي,زرت كان امس حمد لله كان خرف
407,ما عندي كلام اقوله غير رائع,positive,ما عندي كلام اقوله غير رائع,ما عند كلم اقل غير رئع
113,االمنتج خراافي نفس االوصف باالضبط,positive,االمنتج خراافي نفس االوصف باالضبط,نتج خراف نفس وصف ضبط
91,المنتج ردية غير الصور,negative,المنتج رديه غير الصور,نتج رده غير صور
477,الاكل ردية والخدمة اسوا,negative,الاكل رديه والخدمه اسوا,اكل رده خدم اسا
239,ما عندي كلام اقوله غير حلوة,positive,ما عندي كلام اقوله غير حلوه,ما عند كلم اقل غير حله
466,المنتج وصل بسرعة والجودة خرافي,positive,المنتج وصل بسرعه والجوده خرافي,نتج وصل سرع جود خرف
53,جودة فاشلة والسعر مرتفع,negative,جوده فاشله والسعر مرتفع,جود فشل سعر رفع
241,ما عندي كلام اقوله غير اسطوري,positive,ما عندي كلام اقوله غير اسطوري,ما عند كلم اقل غير سطر
316,اسعار مبالغ فيها والخدمة فاشل,negative,اسعار مبالغ فيها والخدمه فاشل,سعر بلغ فيه خدم فشل
50,تجربة رائع بكل المقاييس,positive,تجربه رائع بكل المقاييس,جرب رئع بكل مقاييس
114,الجودة خرافية والسعر ممتاز,positive,الجوده خرافيه والسعر ممتاز,جود خرف سعر متز
214,المنتج وصل متاخر والجودة مو حلو,negative,المنتج وصل متاخر والجوده مو حلو,نتج وصل تخر جود مو حلو
359,بصراحة المكان حلو ما توقعت كذا,positive,بصراحه المكان حلو ما توقعت كذا,صرح كان حلو ما وقع كذا
324,اسعار مبالغ فيها والخدمة سيء,negative,اسعار مبالغ فيها والخدمه سيء,سعر بلغ فيه خدم سيء
67,منتج قمة وانصح الجميع فيه,positive,منتج قمه وانصح الجميع فيه,نتج قمه نصح جمع فيه
22,تجربة مااشي لن ااعود مرة ثاانية,negative,تجربه مااشي لن ااعود مره ثاانيه,جرب اشي لن اعد مره ثان
437,افضل مكان في المنطقة الخدمة روعة,positive,افضل مكان في المنطقه الخدمه روعه,فضل كان في طقه خدم روع
265,الجودة طيب والسعر ممتاز,positive,الجوده طيب والسعر ممتاز,جود طيب سعر متز
398,تجربة مااشي لن ااعود مرة ثاانية,negative,تجربه مااشي لن ااعود مره ثاانيه,جرب اشي لن اعد مره ثان
465,اسعار مبالغ فيها والخدمة ماشي,negative,اسعار مبالغ فيها والخدمه ماشي,سعر بلغ فيه خدم اشي
400,جودة سيء والسعر مرتفع,negative,جوده سيء والسعر مرتفع,جود سيء سعر رفع
33,الجودة خرافي والسعر ممتاز,positive,الجوده خرافي والسعر ممتاز,جود خرف سعر متز
369,جودة ماشي والسعر مرتفع,negative,جوده ماشي والسعر مرتفع,جود اشي سعر رفع
69,المنتج خايس غير الصور,negative,المنتج خايس غير الصور,نتج خيس غير صور
194,تاخير كبير والتعامل ماشي,negative,تاخير كبير والتعامل ماشي,اخر كبر عمل اشي
287,المكان نظيف وممتازة واسعاره مناسبة,positive,المكان نظيف وممتازه واسعاره مناسبه,كان نظف متز سعر نسب
329,اول مرة اجرب وطلع روعة جدا,positive,اول مره اجرب وطلع روعه جدا,اول مره جرب طلع روع جدا
295,للاسف التعامل زفت جدا,negative,للاسف التعامل زفت جدا,اسف عمل زفت جدا
413,جودة مو زين والسعر مرتفع,negative,جوده مو زين والسعر مرتفع,جود مو زين سعر رفع
309,ماا شااء االله االخدمة طيبة واالطااقم محترم جداا,positive,ماا شااء االله االخدمه طيبه واالطااقم محترم جداا,ماا شاء الل خدم طيب واالطااقم حرم جدا
314,بصراحة المكان طيبة ما توقعت كذا,positive,بصراحه المكان طيبه ما توقعت كذا,صرح كان طيب ما وقع كذا
55,المنتج خرب بسرعة جودة ردية,negative,المنتج خرب بسرعه جوده رديه,نتج خرب سرع جود رده
300,المنتج خرب بسرعة جودة مو زين,negative,المنتج خرب بسرعه جوده مو زين,نتج خرب سرع جود مو زين
24,الاكل جميلة والخدمة احسن,positive,الاكل جميله والخدمه احسن,اكل جمل خدم احس
351,بصراحة المكان ممتاز ما توقعت كذا,positive,بصراحه المكان ممتاز ما توقعت كذا,صرح كان متز ما وقع كذا
43,تجربة خايس لن اعود مرة ثانية,negative,تجربه خايس لن اعود مره ثانيه,جرب خيس لن اعد مره ثني
275,افضل مكان في المنطقة الخدمة طيب,positive,افضل مكان في المنطقه الخدمه طيب,فضل كان في طقه خدم طيب
403,خيبة امل كبيرة الخدمة تعبانة,negative,خيبه امل كبيره الخدمه تعبانه,خيب امل كبر خدم تعب
363,الاكل تعبان والخدمة اسوا,negative,الاكل تعبان والخدمه اسوا,اكل تعب خدم اسا
385,اسوا تجربة الخدمة تعبانة,negative,اسوا تجربه الخدمه تعبانه,اسا جرب خدم تعب
183,ما شاء الله الخدمة خرافية والطاقم محترم جدا,positive,ما شاء الله الخدمه خرافيه والطاقم محترم جدا,ما شاء الل خدم خرف طقم حرم جدا
491,المكان نظيف وطيب واسعاره مناسبة,positive,المكان نظيف وطيب واسعاره مناسبه,كان نظف وطب سعر نسب
191,توصيل فااشل وصل متااخر جداا,negative,توصيل فااشل وصل متااخر جداا,وصل اشل وصل ااخر جدا
462,المنتج خرب بسرعة جودة زفت,negative,المنتج خرب بسرعه جوده زفت,نتج خرب سرع جود زفت
402,المكان فاشلة والنظافة صفر,negative,المكان فاشله والنظافه صفر,كان فشل نظف صفر
26,تجربة سيئة لن اعود مرة ثانية,negative,تجربه سيئه لن اعود مره ثانيه,جرب سيئ لن اعد مره ثني
313,تعامل راقي جدااا والخدمة جميلة,positive,تعامل راقي جدا والخدمه جميله,عمل رقي جدا خدم جمل
347,لا انصح ابدا الخدمة سيئة,negative,لا انصح ابدا الخدمه سيئه,لا نصح ابد خدم سيئ
146,المنتج خرب بسرعة جودة فاشلة,negative,المنتج خرب بسرعه جوده فاشله,نتج خرب سرع جود فشل
238,انصحكم فيه المكان تمام بزاف,positive,انصحكم فيه المكان تمام بزاف,نصح فيه كان تمم بزف
470,الاكل تمام والخدمة احسن,positive,الاكل تمام والخدمه احسن,اكل تمم خدم احس
257,تعامل راقي جدااا والخدمة طيبة,positive,تعامل راقي جدا والخدمه طيبه,عمل رقي جدا خدم طيب
335,خدمة العملاء حلوة والتوصيل سريع,positive,خدمه العملاء حلوه والتوصيل سريع,خدم عملاء حله وصل سرع
163,للاسف التعامل ماشي جدا,negative,للاسف التعامل ماشي جدا,اسف عمل اشي جدا
180,المنتج تعبانة ما يستاهل فلوسه,negative,المنتج تعبانه ما يستاهل فلوسه,نتج تعب ما تهل فلس
189,المكان سيئة والاسعار غالية بزاف,negative,المكان سيئه والاسعار غاليه بزاف,كان سيئ سعر غلي بزف
63,زرت المكان امس والحمد لله كان طيبة,positive,زرت المكان امس والحمد لله كان طيبه,زرت كان امس حمد لله كان طيب
448,اول مرة اجرب وطلع طيب جدا,positive,اول مره اجرب وطلع طيب جدا,اول مره جرب طلع طيب جدا
72,الجودة جميلة والسعر ممتاز,positive,الجوده جميله والسعر ممتاز,جود جمل سعر متز
443,تعامل راقي وخدمة جميلة,positive,تعامل راقي وخدمه جميله,عمل رقي خدم جمل
99,للاسف التعامل مو زين جدا,negative,للاسف التعامل مو زين جدا,اسف عمل مو زين جدا
134,االمنتج خرب بسرعة جودة مو زين,negative,االمنتج خرب بسرعه جوده مو زين,نتج خرب سرع جود مو زين
237,ماا اانصح ااحد يروح االمكاان تعباان,negative,ماا اانصح ااحد يروح االمكاان تعباان,ماا نصح احد يرح الم تعب
7,الجودة جميلة والسعر ممتاز,positive,الجوده جميله والسعر ممتاز,جود جمل سعر متز
6,تعامل راقي جدااا والخدمة جميلة,positive,تعامل راقي جدا والخدمه جميله,عمل رقي جدا خدم جمل
23,االمنتج خرب بسرعة جودة خاايسة,negative,االمنتج خرب بسرعه جوده خاايسه,نتج خرب سرع جود خايس
148,االااكل طيب مررررة ممتااز واالسعر معقول,positive,االااكل طيب مره ممتااز واالسعر معقول,اكل طيب مره ممتااز سعر عقل
71,المنتج خرب بسرعة جودة زفت,negative,المنتج خرب بسرعه جوده زفت,نتج خرب سرع جود زفت
387,ما عندي كلام اقوله غير حلوة,positive,ما عندي كلام اقوله غير حلوه,ما عند كلم اقل غير حله
92,المنتج طيبة نفس الوصف بالضبط,positive,المنتج طيبه نفس الوصف بالضبط,نتج طيب نفس وصف ضبط
81,انصحكم فيه المكان جميل بزاف,positive,انصحكم فيه المكان جميل بزاف,نصح فيه كان جمل بزف
140,خدمة العملاء فاشلة لا يردون,negative,خدمه العملاء فاشله لا يردون,خدم عملاء فشل لا يرد
471,الله يعطيهم العافية خدمتهم جميلة,positive,الله يعطيهم العافيه خدمتهم جميله,الل يعط عفي خدم جمل
481,زرت المكان امس والحمد لله كان حلو,positive,زرت المكان امس والحمد لله كان حلو,زرت كان امس حمد لله كان حلو
337,المنتج خايسة ما يستاهل فلوسه,negative,المنتج خايسه ما يستاهل فلوسه,نتج خيس ما تهل فلس
242,ما شاء الله الخدمة رائعة والطاقم محترم جدا,positive,ما شاء الله الخدمه رائعه والطاقم محترم جدا,ما شاء الل خدم رئع طقم حرم جدا
352,المنتج خرب بسرعة جودة مو حلو,negative,المنتج خرب بسرعه جوده مو حلو,نتج خرب سرع جود مو حلو
49,زرت المكان امس والحمد لله كان حلوة,positive,زرت المكان امس والحمد لله كان حلوه,زرت كان امس حمد لله كان حله
201,اسوا تجربة الخدمة تعبان,negative,اسوا تجربه الخدمه تعبان,اسا جرب خدم تعب
122,توصيل ردي وصل متاخر جدا,negative,توصيل ردي وصل متاخر جدا,وصل ردي وصل تخر جدا
140,ما شاء الله الخدمة تمام والطاقم محترم جدا,positive,ما شاء الله الخدمه تمام والطاقم محترم جدا,ما شاء الل خدم تمم طقم حرم جدا
2,خدمة العملاء ممتاز والتوصيل سريع,positive,خدمه العملاء ممتاز والتوصيل سريع,خدم عملاء متز وصل سرع
371,المكان سيئة والاسعار غالية بزاف,negative,المكان سيئه والاسعار غاليه بزاف,كان سيئ سعر غلي بزف
195,ما شاء الله الخدمة خرافية والطاقم محترم جدا,positive,ما شاء الله الخدمه خرافيه والطاقم محترم جدا,ما شاء الل خدم خرف طقم حرم جدا
252,تعامل راقي وخدمة ممتازة,positive,تعامل راقي وخدمه ممتازه,عمل رقي خدم متز
273,تعامل راقي جدااا والخدمة رائع,positive,تعامل راقي جدا والخدمه رائع,عمل رقي جدا خدم رئع
455,انصحكم فيه المكان طيب بزاف,positive,انصحكم فيه المكان طيب بزاف,نصح فيه كان طيب بزف
425,تعامل راقي جدااا والخدمة جميل,positive,تعامل راقي جدا والخدمه جميل,عمل رقي جدا خدم جمل
41,الله يعطيهم العافية خدمتهم اسطوري,positive,الله يعطيهم العافيه خدمتهم اسطوري,الل يعط عفي خدم سطر
372,المنتج مو حلو غير الصور,negative,المنتج مو حلو غير الصور,نتج مو حلو غير صور
152,زرت المكان امس والحمد لله كان رائع,positive,زرت المكان امس والحمد لله كان رائع,زرت كان امس حمد لله كان رئع
171,تعامل راقي وخدمة جميلة,positive,تعامل راقي وخدمه جميله,عمل رقي خدم جمل
116,تاخير كبير والتعامل تعبان,negative,تاخير كبير والتعامل تعبان,اخر كبر عمل تعب
25,المنتج سيئة ما يستاهل فلوسه,negative,المنتج سيئه ما يستاهل فلوسه,نتج سيئ ما تهل فلس
332,زرت االمكاان اامس واالحمد لله كاان راائعة,positive,زرت االمكاان اامس واالحمد لله كاان راائعه,زرت الم امس حمد لله كان راع
