id,text,label
196,تجربة رائعة بكل المقاييس,positive
388,منتج جميلة وانصح الجميع فيه,positive
435,االمنتج جميل نفس االوصف باالضبط,positive
332,والله الخدمة زفت جدا ما انصح,negative
32,الجودة جميل والسعر ممتاز,positive
372,افضل مكان في المنطقة الخدمة حلو,positive
241,اسعار مبالغ فيها والخدمة مو حلو,negative
31,انصحكم فيه المكان روعة بزاف,positive
210,اسعار مبالغ فيها والخدمة سيئة,negative
184,تجربة ردية لن ااعود مرة ثاانية,negative
254,الاكل طيب مررررة حلو والسعر معقول,positive
220,انصحكم فيه المكان رائعة بزاف,positive
89,المكان فاشلة والاسعار غالية بزاف,negative
366,المنتج سيئة ما يستاهل فلوسه,negative
44,المكان خايس والنظافة صفر,negative
310,جودة فاشلة والسعر مرتفع,negative
185,الله يعطيهم العافية خدمتهم رائعة,positive
344,المنتج خايسة ما يستاهل فلوسه,negative
86,تعامل راقي جدااا والخدمة ممتاز,positive
37,خدمة العملاء تمام والتوصيل سريع,positive
419,المكان ماشي والاسعار غالية بزاف,negative
343,توصيل ردي وصل متاخر جدا,negative
165,خدمة االعملااء خراافي واالتوصيل سريع,positive
495,والله المكان ممتازة ما تنلقى زيه في صنعاء,positive
247,المنتج تمام نفس الوصف بالضبط,positive
432,ما عندي كلام اقوله غير ممتاز,positive
68,اول مرة اجرب وطلع قمة جدا,positive
82,المنتج تعبانة غير الصور,negative
494,منتج طيب واانصح االجميع فيه,positive
165,والله الخدمة مو حلو جدا ما انصح,negative
325,تعامل راقي وخدمة رائعة,positive
64,اسعار مبالغ فيها والخدمة ماشي,negative
418,تاخير كبير والتعامل تعبان,negative
144,زرت المكان امس والحمد لله كان تمام,positive
362,تاخير كبير والتعامل خايسة,negative
469,تعاامل تعباانة ماا يحترمون االزبون,negative
155,اسعار مبالغ فيها والخدمة تعبانة,negative
75,المنتج فاشلة غير الصور,negative
238,خدمة العملاء مو زين لا يردون,negative
485,المنتج وصل متاخر والجودة خايسة,negative
104,اافضل مكاان في االمنطقة االخدمة راائع,positive
471,الاكل خايسة والخدمة اسوا,negative
87,اول مرة اجرب وطلع جميل جدا,positive
37,المنتج مو حلو ما يستاهل فلوسه,negative
128,تعاامل ردي ماا يحترمون االزبون,negative
294,جودة فاشلة والسعر مرتفع,negative
222,ما شاء الله الخدمة رائعة والطاقم محترم جدا,positive
121,المكان تعبان والنظافة صفر,negative
298,زرت المكان امس والحمد لله كان خرافية,positive
109,اول مرة اجرب وطلع خرافية جدا,positive
492,ماا عندي كلاام ااقوله غير ممتاازة,positive
100,افضل مكان في المنطقة الخدمة رائعة,positive
186,اسعار مبالغ فيها والخدمة سيئة,negative
430,والله الخدمة خايسة جدا ما انصح,negative
341,جودة ردي واالسعر مرتفع,negative
149,جودة زفت والسعر مرتفع,negative
73,ما عندي كلام اقوله غير رائع,positive
286,المنتج خرب بسرعة جودة ردية,negative
389,المنتج وصل متاخر والجودة سيئة,negative
132,تاخير كبير والتعامل تعبان,negative
133,اسوا تجربة الخدمة زفت,negative
72,خيبة امل كبيرة الخدمة تعبان,negative
78,خدمة العملاء اسطوري والتوصيل سريع,positive
85,الاكل طيب مررررة جميلة والسعر معقول,positive
483,المكان سيئة والاسعار غالية بزاف,negative
84,االمنتج مو حلو ماا يستااهل فلوسه,negative
213,االااكل تعباانة واالخدمة ااسواا,negative
479,تعاامل تعباانة ماا يحترمون االزبون,negative
256,خدمة االعملااء روعة واالتوصيل سريع,positive
343,منتج حلو وانصح الجميع فيه,positive
38,تعاامل سيئة ماا يحترمون االزبون,negative
175,المنتج وصل بسرعة والجودة روعة,positive
203,لا انصح ابدا الخدمة خايس,negative
392,تعامل راقي جدااا والخدمة خرافي,positive
423,الجودة تمام والسعر ممتاز,positive
381,تعامل راقي جدااا والخدمة رائعة,positive
383,للاسف التعامل فاشلة جدا,negative
304,منتج جميل واانصح االجميع فيه,positive
334,تعامل راقي وخدمة قمة,positive
299,االمنتج ردية غير االصور,negative
46,تاخير كبير والتعامل تعبان,negative
299,المنتج وصل بسرعة والجودة حلو,positive
181,لا انصح ابدا الخدمة سيء,negative
451,المكان مو زين والنظافة صفر,negative
358,االااكل طيب مررررة ممتاازة واالسعر معقول,positive
170,للاسف التعامل سيئة جدا,negative
420,بصراحة المكان ممتاز ما توقعت كذا,positive
402,اول مرة اجرب وطلع قمة جدا,positive
216,خدمة العملاء خرافية والتوصيل سريع,positive
193,المنتج وصل بسرعة والجودة حلوة,positive
336,المكان ماشي والاسعار غالية بزاف,negative
130,المنتج ردي ما يستاهل فلوسه,negative
461,والله الخدمة ماشي جدا ما انصح,negative
150,المكان ردي والاسعار غالية بزاف,negative
356,المنتج ماشي ما يستاهل فلوسه,negative
187,انصحكم فيه المكان تمام بزاف,positive
386,منتج روعة وانصح الجميع فيه,positive
169,تعامل سيئة ما يحترمون الزبون,negative
422,الجودة طيب والسعر ممتاز,positive
158,خدمة االعملااء سيء لاا يردون,negative
186,الاكل حلوة والخدمة احسن,positive
320,اسعار مبالغ فيها والخدمة فاشلة,negative
330,المكان نظيف وجميل واسعاره مناسبة,positive
482,الله يعطيهم العافية خدمتهم خرافية,positive
7,المكان فاشلة والنظافة صفر,negative
135,الاكل ممتاز والخدمة احسن,positive
124,توصيل خايس وصل متاخر جدا,negative
182,اسعار مبالغ فيها والخدمة تعبانة,negative
441,زرت المكان امس والحمد لله كان ممتازة,positive
125,خدمة العملاء خايسة لا يردون,negative
243,الاكل طيب مررررة حلوة والسعر معقول,positive
325,تعامل تعبانة ما يحترمون الزبون,negative
263,تجربة روعة بكل المقاييس,positive
51,تعامل فاشل ما يحترمون الزبون,negative
413,زرت المكان امس والحمد لله كان طيب,positive
137,المكان فاشلة والاسعار غالية بزاف,negative
311,اسعار مبالغ فيها والخدمة سيئة,negative
395,افضل مكان في المنطقة الخدمة طيب,positive
378,الاكل طيب مررررة اسطوري والسعر معقول,positive
66,منتج حلو وانصح الجميع فيه,positive
153,اول مرة اجرب وطلع طيبة جدا,positive
450,الجودة قمة والسعر ممتاز,positive
478,تعامل راقي وخدمة رائع,positive
423,ما انصح احد يروح المكان تعبان,negative
396,للااسف االتعاامل فااشلة جداا,negative
112,اسوا تجربة الخدمة فاشل,negative
159,خدمة العملاء ردية لا يردون,negative
274,تعامل راقي وخدمة ممتازة,positive
364,اسوا تجربة الخدمة ماشي,negative
157,ما شاء الله الخدمة ممتازة والطاقم محترم جدا,positive
65,المنتج سيئة غير الصور,negative
38,والله المكان جميل ما تنلقى زيه في صنعاء,positive
253,ما انصح احد يروح المكان تعبانة,negative
180,االااكل طيب مررررة تماام واالسعر معقول,positive
305,افضل مكان في المنطقة الخدمة قمة,positive
139,جودة سيئة واالسعر مرتفع,negative
112,ما عندي كلام اقوله غير روعة,positive
312,خدمة العملاء خرافي والتوصيل سريع,positive
345,تعامل راقي وخدمة طيبة,positive
209,بصراحة المكان خرافي ما توقعت كذا,positive
97,خيبة امل كبيرة الخدمة تعبان,negative
282,ماا اانصح ااحد يروح االمكاان تعباان,negative
315,خدمة العملاء فاشلة لا يردون,negative
134,خدمة االعملااء طيب واالتوصيل سريع,positive
495,المنتج وصل متاخر والجودة ردي,negative
310,الاكل قمة والخدمة احسن,positive
335,المنتج تعبان ما يستاهل فلوسه,negative
451,الله يعطيهم العافية خدمتهم تمام,positive
141,المنتج وصل بسرعة والجودة رائعة,positive
380,المكان تعبان والنظافة صفر,negative
412,االااكل طيب مررررة طيب واالسعر معقول,positive
375,بصراحة المكان خرافي ما توقعت كذا,positive
177,المنتج وصل بسرعة والجودة ممتاز,positive
326,الاكل طيب مررررة جميلة والسعر معقول,positive
417,جودة خايسة والسعر مرتفع,negative
443,الاكل ردي والخدمة اسوا,negative
264,المنتج وصل بسرعة والجودة قمة,positive
139,والله المكان جميلة ما تنلقى زيه في صنعاء,positive
308,والله المكان رائعة ما تنلقى زيه في صنعاء,positive
255,تجربة طيب بكل المقاييس,positive
85,المكان تعبان والنظافة صفر,negative
488,االمنتج خرب بسرعة جودة تعباان,negative
436,تجربة اسطوري بكل المقاييس,positive
183,خدمة العملاء فاشلة لا يردون,negative
29,االااكل سيئة واالخدمة ااسواا,negative
56,تعامل راقي وخدمة قمة,positive
459,ما عندي كلام اقوله غير رائعة,positive
245,الله يعطيهم العافية خدمتهم اسطوري,positive
339,خدمة العملاء ردي لا يردون,negative
312,تجربة فاشل لن اعود مرة ثانية,negative
34,تعامل سيئة ما يحترمون الزبون,negative
75,الاكل طيب مررررة اسطوري والسعر معقول,positive
27,خدمة العملاء ردي لا يردون,negative
453,الاكل طيب مررررة رائع والسعر معقول,positive
405,تعامل خايس ما يحترمون الزبون,negative
199,االمنتج خرب بسرعة جودة ردي,negative
270,تعامل تعبانة ما يحترمون الزبون,negative
5,تجربة ردي لن اعود مرة ثانية,negative
178,اول مرة اجرب وطلع جميل جدا,positive
13,زرت المكان امس والحمد لله كان طيبة,positive
17,تعاامل رااقي جداااااا واالخدمة طيب,positive
101,جودة فاشلة والسعر مرتفع,negative
81,الاكل ردي والخدمة اسوا,negative
60,المنتج خرب بسرعة جودة ماشي,negative
83,المكان سيء والنظافة صفر,negative
11,زرت المكان امس والحمد لله كان طيبة,positive
54,المنتج وصل بسرعة والجودة طيبة,positive
293,والله الخدمة خايس جدا ما انصح,negative
178,ما انصح احد يروح المكان تعبان,negative
117,المنتج سيء ما يستاهل فلوسه,negative
76,المكان نظيف وجميل واسعاره مناسبة,positive
215,خدمة العملاء ردي لا يردون,negative
110,للاسف التعامل ماشي جدا,negative
293,المنتج وصل بسرعة والجودة حلو,positive
26,تعامل راقي وخدمة رائعة,positive
323,المنتج فاشلة ما يستاهل فلوسه,negative
279,خدمة العملاء جميل والتوصيل سريع,positive
224,افضل مكان في المنطقة الخدمة جميلة,positive
65,المكان نظيف ورائعة واسعاره مناسبة,positive
384,اول مرة اجرب وطلع خرافية جدا,positive
55,تعامل راقي جدااا والخدمة خرافي,positive
404,ما عندي كلام اقوله غير ممتاز,positive
482,تجربة مو حلو لن اعود مرة ثانية,negative
4,للاسف التعامل ماشي جدا,negative
142,اسوا تجربة الخدمة خايسة,negative
357,اول مرة اجرب وطلع خرافي جدا,positive
156,والله المكان طيب ما تنلقى زيه في صنعاء,positive
268,توصيل مو زين وصل متاخر جدا,negative
486,تعامل راقي جدااا والخدمة طيبة,positive
212,ما انصح احد يروح المكان ماشي,negative
190,المنتج خرافية نفس الوصف بالضبط,positive
348,منتج خراافي واانصح االجميع فيه,positive
225,ما عندي كلام اقوله غير طيبة,positive
481,اسوا تجربة الخدمة خايسة,negative
404,المكان تعبان والاسعار غالية بزاف,negative
174,االمكاان نظيف وممتاازة وااسعااره منااسبة,positive
427,افضل مكان في المنطقة الخدمة رائعة,positive
437,خدمة العملاء تعبانة لا يردون,negative
102,منتج خرافية وانصح الجميع فيه,positive
311,تعامل راقي وخدمة رائعة,positive
228,الله يعطيهم العافية خدمتهم حلو,positive
204,المنتج خايس غير الصور,negative
434,المكان نظيف واسطوري واسعاره مناسبة,positive
285,المنتج زفت ما يستاهل فلوسه,negative
254,المكان خايس والاسعار غالية بزاف,negative
390,منتج خرافي وانصح الجميع فيه,positive
136,تجربة خرافي بكل المقاييس,positive
388,المكان ردي والنظافة صفر,negative
154,ما انصح احد يروح المكان مو حلو,negative
205,خدمة العملاء روعة والتوصيل سريع,positive
42,جودة سيئة والسعر مرتفع,negative
119,المنتج فاشل غير الصور,negative
164,االمنتج وصل بسرعة واالجودة روعة,positive
143,المكان نظيف وحلوة واسعاره مناسبة,positive
353,تعامل راقي جدااا والخدمة خرافي,positive
244,ااسواا تجربة االخدمة سيء,negative
6,تعامل مو حلو ما يحترمون الزبون,negative
321,خيبة امل كبيرة الخدمة خايسة,negative
61,االمنتج سيئة غير االصور,negative
300,خدمة العملاء خرافية والتوصيل سريع,positive
235,بصراحة المكان حلوة ما توقعت كذا,positive
235,تجربة سيئة لن اعود مرة ثانية,negative
285,تجربة طيب بكل المقاييس,positive
439,اسعار مبالغ فيها والخدمة سيئة,negative
13,الاكل تعبان والخدمة اسوا,negative
93,الجودة روعة والسعر ممتاز,positive
496,بصراحة المكان رائع ما توقعت كذا,positive
22,اول مرة اجرب وطلع طيبة جدا,positive
328,خدمة العملاء طيب والتوصيل سريع,positive
480,المنتج خايس غير الصور,negative
259,المنتج وصل بسرعة والجودة خرافي,positive
216,تاخير كبير والتعامل فاشلة,negative
377,خيبة امل كبيرة الخدمة سيئة,negative
486,خدمة العملاء مو حلو لا يردون,negative
173,المنتج خرب بسرعة جودة خايسة,negative
1,تعامل راقي وخدمة طيب,positive
237,الاكل تمام والخدمة احسن,positive
458,المنتج فاشل ما يستاهل فلوسه,negative
473,تاخير كبير والتعامل زفت,negative
301,خدمة االعملااء ردي لاا يردون,negative
211,الاكل فاشل والخدمة اسوا,negative
96,لا انصح ابدا الخدمة سيئة,negative
338,المنتج ممتازة نفس الوصف بالضبط,positive
249,خدمة العملاء قمة والتوصيل سريع,positive
257,المنتج تعبانة ما يستاهل فلوسه,negative
381,الاكل زفت والخدمة اسوا,negative
468,توصيل ردية وصل متاخر جدا,negative
200,اسعار مبالغ فيها والخدمة خايس,negative
342,االمنتج وصل متااخر واالجودة تعباانة,negative
39,خدمة االعملااء فااشل لاا يردون,negative
292,االمنتج وصل متااخر واالجودة ردية,negative
260,توصيل خايس وصل متاخر جدا,negative
59,والله الخدمة خايسة جدا ما انصح,negative
434,المكان زفت والنظافة صفر,negative
347,الجودة جميلة والسعر ممتاز,positive
162,انصحكم فيه المكان ممتازة بزاف,positive
227,المنتج وصل بسرعة والجودة جميل,positive
303,والله المكان ممتازة ما تنلقى زيه في صنعاء,positive
288,تعامل راقي جدااا والخدمة خرافي,positive
218,جودة ردي والسعر مرتفع,negative
170,الله يعطيهم العافية خدمتهم جميلة,positive
273,والله الخدمة مو زين جدا ما انصح,negative
190,جودة ردي واالسعر مرتفع,negative
100,تاخير كبير والتعامل فاشل,negative
271,المنتج وصل بسرعة والجودة رائعة,positive
355,المنتج وصل متاخر والجودة مو زين,negative
164,المنتج سيء غير الصور,negative
98,تاخير كبير والتعامل تعبانة,negative
374,بصراحة المكان طيب ما توقعت كذا,positive
265,جودة خايسة والسعر مرتفع,negative
428,ما انصح احد يروح المكان فاشل,negative
331,الاكل تعبانة والخدمة اسوا,negative
24,توصيل فاشلة وصل متاخر جدا,negative
376,ماا عندي كلاام ااقوله غير خراافي,positive
493,ما انصح احد يروح المكان فاشلة,negative
401,الاكل حلوة والخدمة احسن,positive
490,خدمة العملاء اسطوري والتوصيل سريع,positive
138,توصيل مو حلو وصل متاخر جدا,negative
457,والله المكان ممتاز ما تنلقى زيه في صنعاء,positive
430,انصحكم فيه المكان طيب بزاف,positive
35,ماا اانصح ااحد يروح االمكاان زفت,negative
28,ماا شااء االله االخدمة خراافية واالطااقم محترم جداا,positive
2,الاكل ردي والخدمة اسوا,negative
369,افضل مكان في المنطقة الخدمة ممتازة,positive
424,االمنتج خرب بسرعة جودة خاايس,negative
453,الاكل فاشلة والخدمة اسوا,negative
454,اسعار مبالغ فيها والخدمة فاشل,negative
12,المنتج وصل متاخر والجودة مو حلو,negative
116,الجودة حلوة والسعر ممتاز,positive
261,للاسف التعامل خايس جدا,negative
320,زرت المكان امس والحمد لله كان تمام,positive
126,الاكل تعبانة والخدمة اسوا,negative
391,ااسعاار مباالغ فيهاا واالخدمة خاايسة,negative
258,تعامل راقي وخدمة خرافي,positive
280,الله يعطيهم العافية خدمتهم خرافي,positive
208,المكان زفت والاسعار غالية بزاف,negative
260,منتج ممتازة وانصح الجميع فيه,positive
474,تجربة خرافية بكل المقاييس,positive
318,ما شاء الله الخدمة جميل والطاقم محترم جدا,positive
371,تعاامل رااقي وخدمة ممتاازة,positive
94,جودة مو زين والسعر مرتفع,negative
200,المنتج وصل بسرعة والجودة تمام,positive
19,خيبة امل كبيرة الخدمة تعبانة,negative
460,المكان نظيف وروعة واسعاره مناسبة,positive
449,المكان مو حلو والنظافة صفر,negative
51,بصراحة المكان جميل ما توقعت كذا,positive
323,تجربة تمام بكل المقاييس,positive
360,المكان نظيف وتمام واسعاره مناسبة,positive
131,الله يعطيهم العافية خدمتهم اسطوري,positive
8,المكان نظيف وممتازة واسعاره مناسبة,positive
425,جودة مو زين والسعر مرتفع,negative
229,خدمة العملاء طيب والتوصيل سريع,positive
131,االمكاان تعباانة واالنظاافة صفر,negative
262,جودة مو حلو والسعر مرتفع,negative
129,تعاامل رااقي وخدمة ممتاازة,positive
358,والله الخدمة سيء جدا ما انصح,negative
431,افضل مكان في المنطقة الخدمة رائع,positive
269,والله المكان خرافي ما تنلقى زيه في صنعاء,positive
129,المكان سيء والنظافة صفر,negative
1,لا انصح ابدا الخدمة ماشي,negative
135,المنتج خرب بسرعة جودة تعبان,negative
233,زرت المكان امس والحمد لله كان خرافي,positive
156,خيبة امل كبيرة الخدمة مو زين,negative
9,االمنتج فااشلة غير االصور,negative
389,الجودة حلوة والسعر ممتاز,positive
145,اول مرة اجرب وطلع حلو جدا,positive
191,تعامل راقي جدااا والخدمة حلوة,positive
40,المنتج خرب بسرعة جودة ردية,negative
10,جودة مو حلو والسعر مرتفع,negative
166,المنتج وصل متاخر والجودة خايسة,negative
107,والله الخدمة ماشي جدا ما انصح,negative
97,ما عندي كلام اقوله غير طيب,positive
399,المنتج وصل بسرعة والجودة اسطوري,positive
63,تعامل سيء ما يحترمون الزبون,negative
328,المكان مو حلو والنظافة صفر,negative
450,المنتج وصل متاخر والجودة خايسة,negative
448,اسعار مبالغ فيها والخدمة تعبان,negative
351,للاسف التعامل زفت جدا,negative
368,ماا عندي كلاام ااقوله غير حلو,positive
35,والله المكان تمام ما تنلقى زيه في صنعاء,positive
441,المنتج فاشلة غير الصور,negative
483,واالله االمكاان جميلة ماا تنلقى زيه في صنعااء,positive
498,تعامل راقي جدااا والخدمة خرافي,positive
289,تعاامل رااقي وخدمة طيبة,positive
278,االمنتج ااسطوري نفس االوصف باالضبط,positive
379,خدمة العملاء ردي لا يردون,negative
124,الله يعطيهم العافية خدمتهم ممتاز,positive
317,ماا شااء االله االخدمة طيب واالطااقم محترم جداا,positive
207,المنتج وصل بسرعة والجودة رائعة,positive
44,الله يعطيهم العافية خدمتهم تمام,positive
15,المنتج خرب بسرعة جودة ماشي,negative
250,خدمة العملاء اسطوري والتوصيل سريع,positive
333,المكان ردي والنظافة صفر,negative
58,خدمة العملاء ردي لا يردون,negative
202,الاكل طيب مررررة رائعة والسعر معقول,positive
179,المنتج وصل بسرعة والجودة حلو,positive
88,المكان خايس والاسعار غالية بزاف,negative
458,الجودة رائع والسعر ممتاز,positive
382,تعامل راقي وخدمة رائعة,positive
74,افضل مكان في المنطقة الخدمة اسطوري,positive
239,اسعار مبالغ فيها والخدمة خايس,negative
40,ماا شااء االله االخدمة راائع واالطااقم محترم جداا,positive
409,الله يعطيهم العافية خدمتهم رائعة,positive
95,افضل مكان في المنطقة الخدمة حلوة,positive
365,تعامل فاشل ما يحترمون الزبون,negative
206,المكان سيئة والنظافة صفر,negative
303,المكان زفت والاسعار غالية بزاف,negative
397,تعامل راقي وخدمة تمام,positive
220,ما انصح احد يروح المكان سيء,negative
123,للااسف االتعاامل فااشلة جداا,negative
326,خيبة امل كبيرة الخدمة خايسة,negative
32,الاكل مو زين والخدمة اسوا,negative
184,تجربة خراافي بكل االمقااييس,positive
78,المكان ردية والنظافة صفر,negative
263,المنتج فاشلة غير الصور,negative
197,اافضل مكاان في االمنطقة االخدمة ااسطوري,positive
463,والله المكان خرافية ما تنلقى زيه في صنعاء,positive
329,جودة خاايسة واالسعر مرتفع,negative
316,الله يعطيهم العافية خدمتهم خرافية,positive
9,الاكل ممتازة والخدمة احسن,positive
62,اول مرة اجرب وطلع جميلة جدا,positive
171,للااسف االتعاامل مااشي جداا,negative
147,خدمة العملاء طيب والتوصيل سريع,positive
452,تااخير كبير واالتعاامل مو زين,negative
428,واالله االمكاان قمة ماا تنلقى زيه في صنعااء,positive
172,الجودة طيب والسعر ممتاز,positive
47,الاكل مو زين والخدمة اسوا,negative
84,االمنتج ممتااز نفس االوصف باالضبط,positive
385,زرت االمكاان اامس واالحمد لله كاان راائع,positive
405,والله المكان ممتازة ما تنلقى زيه في صنعاء,positive
261,والله المكان رائعة ما تنلقى زيه في صنعاء,positive
151,الاكل طيب والخدمة احسن,positive
89,اول مرة اجرب وطلع رائع جدا,positive
315,تعاامل رااقي جداااااا واالخدمة ممتاازة,positive
4,زرت المكان امس والحمد لله كان ممتازة,positive
414,افضل مكان في المنطقة الخدمة اسطوري,positive
361,الاكل ردية والخدمة اسوا,negative
338,اسوا تجربة الخدمة سيئة,negative
228,جودة سيء والسعر مرتفع,negative
367,والله المكان خرافي ما تنلقى زيه في صنعاء,positive
276,المنتج وصل بسرعة والجودة حلو,positive
11,اسعار مبالغ فيها والخدمة ردي,negative
367,االمنتج وصل متااخر واالجودة خاايس,negative
398,منتج طيبة وانصح الجميع فيه,positive
102,تاخير كبير والتعامل خايس,negative
427,ما انصح احد يروح المكان تعبانة,negative
467,المكان زفت والاسعار غالية بزاف,negative
415,تعامل راقي وخدمة خرافية,positive
41,تجربة فاشل لن اعود مرة ثانية,negative
436,تاخير كبير والتعامل فاشلة,negative
67,المكان فاشل والاسعار غالية بزاف,negative
297,اول مرة اجرب وطلع خرافية جدا,positive
223,المنتج مو حلو غير الصور,negative
90,بصراحة المكان رائع ما توقعت كذا,positive
54,الاكل مو حلو والخدمة اسوا,negative
133,اول مرة اجرب وطلع تمام جدا,positive
227,لا انصح ابدا الخدمة ردية,negative
268,خدمة العملاء اسطوري والتوصيل سريع,positive
204,تعامل راقي جدااا والخدمة حلوة,positive
161,المنتج خرب بسرعة جودة خايس,negative
21,تعامل فاشل ما يحترمون الزبون,negative
15,الجودة جميل والسعر ممتاز,positive
50,المنتج وصل متاخر والجودة سيء,negative
330,المنتج زفت غير الصور,negative
234,والله الخدمة سيئة جدا ما انصح,negative
107,انصحكم فيه المكان خرافي بزاف,positive
440,والله الخدمة ماشي جدا ما انصح,negative
145,خدمة العملاء زفت لا يردون,negative
421,المكان نظيف ورائع واسعاره مناسبة,positive
206,خدمة العملاء طيبة والتوصيل سريع,positive
114,تجربة تعباانة لن ااعود مرة ثاانية,negative
80,للاسف التعامل سيئة جدا,negative
66,المنتج وصل متاخر والجودة خايسة,negative
337,الجودة ممتازة والسعر ممتاز,positive
403,بصراحة المكان روعة ما توقعت كذا,positive
34,تعامل راقي جدااا والخدمة جميل,positive
219,جودة فاشل والسعر مرتفع,negative
240,المنتج خرب بسرعة جودة ماشي,negative
438,تعاامل رااقي وخدمة راائع,positive
88,االله يعطيهم االعاافية خدمتهم قمة,positive
47,ااول مرة ااجرب وطلع راائع جداا,positive
460,المنتج وصل متاخر والجودة سيء,negative
446,الله يعطيهم العافية خدمتهم ممتاز,positive
176,توصيل مو زين وصل متاخر جدا,negative
197,خدمة العملاء خايسة لا يردون,negative
229,المنتج وصل متاخر والجودة مو زين,negative
360,اسوا تجربة الخدمة فاشل,negative
76,المكان زفت والنظافة صفر,negative
230,خيبة امل كبيرة الخدمة زفت,negative
179,المكان خايسة والنظافة صفر,negative
416,المنتج وصل بسرعة والجودة جميلة,positive
412,المنتج خرب بسرعة جودة مو حلو,negative
349,زرت المكان امس والحمد لله كان حلو,positive
94,الاكل طيب مررررة تمام والسعر معقول,positive
70,تعامل راقي وخدمة خرافية,positive
117,بصراحة المكان ممتاز ما توقعت كذا,positive
92,ااسعاار مباالغ فيهاا واالخدمة تعباان,negative
322,ما انصح احد يروح المكان سيئة,negative
355,الله يعطيهم العافية خدمتهم قمة,positive
415,تجربة ردي لن اعود مرة ثانية,negative
14,خيبة امل كبيرة الخدمة تعبانة,negative
36,اسوا تجربة الخدمة مو زين,negative
30,توصيل تعبانة وصل متاخر جدا,negative
298,تاخير كبير والتعامل سيء,negative
454,تجربة ممتاز بكل المقاييس,positive
324,بصراحة المكان طيبة ما توقعت كذا,positive
266,تعامل راقي جدااا والخدمة قمة,positive
410,زرت المكان امس والحمد لله كان حلو,positive
435,المنتج وصل متاخر والجودة ماشي,negative
370,اول مرة اجرب وطلع تمام جدا,positive
110,المنتج ممتازة نفس الوصف بالضبط,positive
491,تاخير كبير والتعامل سيئة,negative
433,خدمة االعملااء روعة واالتوصيل سريع,positive
14,المكان نظيف وجميلة واسعاره مناسبة,positive
354,اافضل مكاان في االمنطقة االخدمة قمة,positive
236,انصحكم فيه المكان رائعة بزاف,positive
120,خيبة امل كبيرة الخدمة تعبان,negative
411,المنتج حلوة نفس الوصف بالضبط,positive
127,المكان نظيف وطيبة واسعاره مناسبة,positive
291,المنتج وصل بسرعة والجودة ممتازة,positive
192,منتج روعة وانصح الجميع فيه,positive
27,تعامل راقي جدااا والخدمة اسطوري,positive
277,خدمة العملاء ردية لا يردون,negative
79,انصحكم فيه المكان حلو بزاف,positive
348,المكان ردي والنظافة صفر,negative
62,والله الخدمة سيئة جدا ما انصح,negative
349,توصيل سيء وصل متااخر جداا,negative
334,والله الخدمة سيء جدا ما انصح,negative
148,المكان خايسة والاسعار غالية بزاف,negative
198,خدمة العملاء ردي لا يردون,negative
380,بصراحة المكان ممتاز ما توقعت كذا,positive
484,المكان خايسة والنظافة صفر,negative
181,تجربة تماام بكل االمقااييس,positive
213,تعامل راقي وخدمة طيب,positive
470,الاكل سيء والخدمة اسوا,negative
379,بصراحة المكان طيب ما توقعت كذا,positive
57,خدمة العملاء ممتازة والتوصيل سريع,positive
105,اول مرة اجرب وطلع خرافي جدا,positive
472,بصراحة المكان رائع ما توقعت كذا,positive
296,الجودة رائعة والسعر ممتاز,positive
490,االمنتج وصل متااخر واالجودة خاايسة,negative
217,الاكل ردي والخدمة اسوا,negative
203,خدمة العملاء رائع والتوصيل سريع,positive
98,بصراحة المكان جميلة ما توقعت كذا,positive
314,خيبة امل كبيرة الخدمة مو حلو,negative
378,تااخير كبير واالتعاامل سيئة,negative
284,افضل مكان في المنطقة الخدمة اسطوري,positive
366,الاكل رائع والخدمة احسن,positive
317,االمنتج مو حلو ماا يستااهل فلوسه,negative
196,لا انصح ابدا الخدمة فاشلة,negative
394,الاكل طيب مررررة رائع والسعر معقول,positive
111,تعامل راقي جدااا والخدمة حلو,positive
466,المنتج وصل متاخر والجودة مو زين,negative
414,اسوا تجربة الخدمة ردي,negative
103,اسوا تجربة الخدمة تعبان,negative
446,المكان فاشل والاسعار غالية بزاف,negative
224,المنتج خرب بسرعة جودة مو زين,negative
426,المنتج فاشل غير الصور,negative
267,والله المكان ممتاز ما تنلقى زيه في صنعاء,positive
163,المنتج تمام نفس الوصف بالضبط,positive
154,ااول مرة ااجرب وطلع قمة جداا,positive
99,اانصحكم فيه االمكاان جميلة بزااف,positive
106,خدمة العملاء حلو والتوصيل سريع,positive
202,المنتج خايس ما يستاهل فلوسه,negative
248,والله الخدمة زفت جدا ما انصح,negative
226,الاكل طيب مررررة جميلة والسعر معقول,positive
393,الاكل رائع والخدمة احسن,positive
174,خدمة العملاء ماشي لا يردون,negative
342,الجودة رائعة والسعر ممتاز,positive
309,خدمة العملاء زفت لا يردون,negative
365,بصراحة المكان حلو ما توقعت كذا,positive
61,الاكل ممتاز والخدمة احسن,positive
374,المكان خايس والاسعار غالية بزاف,negative
122,تجربة جميلة بكل االمقااييس,positive
86,المنتج تعبان ما يستاهل فلوسه,negative
232,جودة فاشلة والسعر مرتفع,negative
132,ماا شااء االله االخدمة جميلة واالطااقم محترم جداا,positive
247,للااسف االتعاامل فااشلة جداا,negative
383,المنتج حلو نفس الوصف بالضبط,positive
424,اول مرة اجرب وطلع روعة جدا,positive
218,الجودة خرافية والسعر ممتاز,positive
118,خيبة امل كبيرة الخدمة ماشي,negative
136,للاسف التعامل خايسة جدا,negative
396,والله المكان قمة ما تنلقى زيه في صنعاء,positive
319,الله يعطيهم العافية خدمتهم حلو,positive
259,المكان مو زين والنظافة صفر,negative
476,اسوا تجربة الخدمة سيئة,negative
53,ما شاء الله الخدمة رائع والطاقم محترم جدا,positive
45,الجودة تمام والسعر ممتاز,positive
58,الله يعطيهم العافية خدمتهم خرافي,positive
233,للاسف التعامل خايسة جدا,negative
322,تعامل راقي وخدمة ممتازة,positive
59,ما عندي كلام اقوله غير روعة,positive
101,الله يعطيهم العافية خدمتهم روعة,positive
153,المكان فاشلة والنظافة صفر,negative
17,توصيل خايسة وصل متاخر جدا,negative
290,اسوا تجربة الخدمة فاشل,negative
291,المنتج خرب بسرعة جودة تعبان,negative
21,المكان نظيف وطيب واسعاره مناسبة,positive
264,تعامل سيء ما يحترمون الزبون,negative
484,المنتج وصل بسرعة والجودة حلوة,positive
144,المنتج خرب بسرعة جودة ردي,negative
168,المكان نظيف وجميل واسعاره مناسبة,positive
73,جودة فاشل والسعر مرتفع,negative
256,لا انصح ابدا الخدمة زفت,negative
28,خيبة امل كبيرة الخدمة سيئة,negative
215,زرت االمكاان اامس واالحمد لله كاان راائعة,positive
363,تعامل راقي جدااا والخدمة رائع,positive
118,واالله االمكاان حلو ماا تنلقى زيه في صنعااء,positive
158,الجودة خرافية والسعر ممتاز,positive
16,تجربة ردي لن اعود مرة ثانية,negative
449,والله المكان ممتاز ما تنلقى زيه في صنعاء,positive
368,المنتج خايسة غير الصور,negative
400,ما شاء الله الخدمة رائعة والطاقم محترم جدا,positive
295,الله يعطيهم العافية خدمتهم جميلة,positive
128,االمنتج حلوة نفس االوصف باالضبط,positive
429,تجربة ماشي لن اعود مرة ثانية,negative
274,اسوا تجربة الخدمة فاشل,negative
91,الاكل طيبة والخدمة احسن,positive
106,ما انصح احد يروح المكان مو زين,negative
45,والله الخدمة ماشي جدا ما انصح,negative
96,انصحكم فيه المكان اسطوري بزاف,positive
221,ما انصح احد يروح المكان ماشي,negative
463,اسوا تجربة الخدمة فاشلة,negative
46,زرت المكان امس والحمد لله كان حلو,positive
464,اسعار مبالغ فيها والخدمة سيئة,negative
188,ما انصح احد يروح المكان خايس,negative
52,المنتج وصل متاخر والجودة مو حلو,negative
283,المنتج تمام نفس الوصف بالضبط,positive
250,المنتج وصل متاخر والجودة خايس,negative
302,تجربة خايس لن اعود مرة ثانية,negative
39,ماا عندي كلاام ااقوله غير قمة,positive
20,منتج روعة وانصح الجميع فيه,positive
386,ماا اانصح ااحد يروح االمكاان تعباان,negative
497,تاخير كبير والتعامل ردي,negative
209,تعامل مو حلو ما يحترمون الزبون,negative
80,خدمة العملاء طيب والتوصيل سريع,positive
130,تجربة طيبة بكل المقاييس,positive
442,المنتج وصل متاخر والجودة تعبان,negative
142,تعاامل رااقي وخدمة روعة,positive
408,خيبة امل كبيرة الخدمة ردي,negative
419,الجودة اسطوري والسعر ممتاز,positive
74,واالله االخدمة خاايس جداا ماا اانصح,negative
364,والله المكان قمة ما تنلقى زيه في صنعاء,positive
292,تعامل راقي جدااا والخدمة اسطوري,positive
246,الله يعطيهم العافية خدمتهم حلوة,positive
70,ماا اانصح ااحد يروح االمكاان خاايسة,negative
493,تعامل راقي جدااا والخدمة قمة,positive
155,خدمة االعملااء حلوة واالتوصيل سريع,positive
199,منتج رائعة وانصح الجميع فيه,positive
387,المكان مو زين والنظافة صفر,negative
406,تعامل فاشل ما يحترمون الزبون,negative
262,اافضل مكاان في االمنطقة االخدمة تماام,positive
162,تجربة مو حلو لن اعود مرة ثانية,negative
90,خدمة العملاء ردي لا يردون,negative
318,ماا اانصح ااحد يروح االمكاان مو زين,negative
18,اول مرة اجرب وطلع ممتاز جدا,positive
172,الاكل تعبانة والخدمة اسوا,negative
182,تجربة ممتاز بكل المقاييس,positive
20,خدمة العملاء تعبان لا يردون,negative
301,تجربة ممتاز بكل المقاييس,positive
226,االمنتج خرب بسرعة جودة ردية,negative
382,االااكل سيئة واالخدمة ااسواا,negative
160,تاخير كبير والتعامل تعبان,negative
276,الاكل فاشل والخدمة اسوا,negative
452,المنتج تمام نفس الوصف بالضبط,positive
472,والله الخدمة ردية جدا ما انصح,negative
307,خدمة العملاء ماشي لا يردون,negative
445,منتج تماام واانصح االجميع فيه,positive
447,انصحكم فيه المكان رائع بزاف,positive
141,المنتج خرب بسرعة جودة ردي,negative
391,اول مرة اجرب وطلع ممتاز جدا,positive
219,تعامل راقي جدااا والخدمة قمة,positive
137,منتج جميلة وانصح الجميع فيه,positive
353,االمكاان مو حلو واالنظاافة صفر,negative
287,المنتج خرب بسرعة جودة ماشي,negative
147,اسعار مبالغ فيها والخدمة فاشل,negative
475,تاخير كبير والتعامل ماشي,negative
307,ما عندي كلام اقوله غير حلوة,positive
346,لاا اانصح اابداا االخدمة مو حلو,negative
461,المنتج وصل بسرعة والجودة خرافي,positive
464,الله يعطيهم العافية خدمتهم تمام,positive
243,لا انصح ابدا الخدمة سيء,negative
341,الاكل طيب مررررة قمة والسعر معقول,positive
442,منتج حلوة وانصح الجميع فيه,positive
321,تجربة حلوة بكل المقاييس,positive
401,والله الخدمة زفت جدا ما انصح,negative
496,المكان سيء والاسعار غالية بزاف,negative
192,المنتج سيء ما يستاهل فلوسه,negative
242,المنتج فاشلة غير الصور,negative
429,زرت المكان امس والحمد لله كان قمة,positive
234,والله المكان خرافي ما تنلقى زيه في صنعاء,positive
277,منتج طيب وانصح الجميع فيه,positive
160,ما عندي كلام اقوله غير رائعة,positive
375,خيبة امل كبيرة الخدمة سيء,negative
270,االجودة طيب واالسعر ممتااز,positive
420,خدمة العملاء مو حلو لا يردون,negative
392,ماا اانصح ااحد يروح االمكاان سيء,negative
146,الاكل جميلة والخدمة احسن,positive
271,المكان مو حلو والاسعار غالية بزاف,negative
217,تجربة ممتاز بكل المقاييس,positive
289,المنتج خرب بسرعة جودة مو زين,negative
370,والله الخدمة تعبان جدا ما انصح,negative
456,والله المكان رائعة ما تنلقى زيه في صنعاء,positive
212,والله المكان جميلة ما تنلقى زيه في صنعاء,positive
211,المكان نظيف وخرافية واسعاره مناسبة,positive
173,منتج ممتااز واانصح االجميع فيه,positive
236,المكان مو حلو والنظافة صفر,negative
376,المكان زفت والاسعار غالية بزاف,negative
354,المنتج ردية ما يستاهل فلوسه,negative
176,انصحكم فيه المكان اسطوري بزاف,positive
230,الجودة حلو والسعر ممتاز,positive
457,توصيل مو حلو وصل متااخر جداا,negative
485,تعامل راقي وخدمة قمة,positive
359,المكان مو زين والنظافة صفر,negative
19,تعامل راقي وخدمة رائعة,positive
95,تاخير كبير والتعامل ردية,negative
362,تعاامل رااقي جداااااا واالخدمة ااسطوري,positive
327,خدمة العملاء اسطوري والتوصيل سريع,positive
500,الاكل ردية والخدمة اسوا,negative
489,والله الخدمة فاشل جدا ما انصح,negative
361,المنتج جميلة نفس الوصف بالضبط,positive
87,اسعار مبالغ فيها والخدمة ماشي,negative
459,جودة تعبانة والسعر مرتفع,negative
223,المنتج وصل بسرعة والجودة خرافي,positive
193,لا انصح ابدا الخدمة فاشلة,negative
125,تعامل راقي وخدمة روعة,positive
36,االمنتج وصل بسرعة واالجودة راائعة,positive
476,ما عندي كلام اقوله غير قمة,positive
499,اسوا تجربة الخدمة مو زين,negative
5,الاكل طيب مررررة تمام والسعر معقول,positive
188,ما عندي كلام اقوله غير طيب,positive
48,االمكاان نظيف وخراافية وااسعااره منااسبة,positive
194,زرت االمكاان اامس واالحمد لله كاان راائعة,positive
456,جودة مو حلو والسعر مرتفع,negative
272,ما عندي كلام اقوله غير رائعة,positive
69,تجربة حلوة بكل المقاييس,positive
195,المنتج خرب بسرعة جودة سيئة,negative
143,تجربة ردية لن ااعود مرة ثاانية,negative
105,واالله االخدمة زفت جداا ماا اانصح,negative
440,خدمة العملاء رائعة والتوصيل سريع,positive
3,اول مرة اجرب وطلع تمام جدا,positive
245,ما انصح احد يروح المكان سيء,negative
462,الله يعطيهم العافية خدمتهم رائعة,positive
198,والله المكان ممتازة ما تنلقى زيه في صنعاء,positive
115,لاا اانصح اابداا االخدمة مو زين,negative
60,بصراحة المكان ممتازة ما توقعت كذا,positive
499,انصحكم فيه المكان خرافية بزاف,positive
232,زرت االمكاان اامس واالحمد لله كاان طيب,positive
275,المنتج خايسة ما يستاهل فلوسه,negative
258,المكان ماشي والاسعار غالية بزاف,negative
487,ما انصح احد يروح المكان سيئة,negative
167,المنتج خرافية نفس الوصف بالضبط,positive
444,خدمة العملاء فاشل لا يردون,negative
399,تعامل خايسة ما يحترمون الزبون,negative
340,تاخير كبير والتعامل سيئة,negative
352,الجودة جميل والسعر ممتاز,positive
297,الاكل ردية والخدمة اسوا,negative
121,تجربة روعة بكل المقاييس,positive
410,جودة فااشلة واالسعر مرتفع,negative
77,االمنتج وصل متااخر واالجودة زفت,negative
8,لا انصح ابدا الخدمة خايس,negative
426,الاكل جميل والخدمة احسن,positive
185,اسعار مبالغ فيها والخدمة تعبانة,negative
384,خيبة اامل كبيرة االخدمة تعباانة,negative
478,المكان سيئة والنظافة صفر,negative
82,ما عندي كلام اقوله غير طيب,positive
240,الجودة رائعة والسعر ممتاز,positive
127,ما انصح احد يروح المكان تعبان,negative
306,الاكل روعة والخدمة احسن,positive
16,زرت المكان امس والحمد لله كان ممتاز,positive
465,تعامل راقي جدااا والخدمة ممتازة,positive
333,ما عندي كلام اقوله غير حلوة,positive
283,والله الخدمة زفت جدا ما انصح,negative
104,خدمة العملاء زفت لا يردون,negative
288,ما انصح احد يروح المكان سيء,negative
431,المنتج خرب بسرعة جودة خايسة,negative
377,انصحكم فيه المكان خرافية بزاف,positive
494,الاكل سيئة والخدمة اسوا,negative
296,ما انصح احد يروح المكان خايس,negative
340,الاكل قمة والخدمة احسن,positive
282,المنتج وصل بسرعة والجودة جميلة,positive
109,تجربة خايس لن اعود مرة ثانية,negative
479,منتج رائعة وانصح الجميع فيه,positive
48,تاخير كبير والتعامل خايس,negative
175,تعامل فاشلة ما يحترمون الزبون,negative
255,ما انصح احد يروح المكان ردي,negative
108,والله المكان اسطوري ما تنلقى زيه في صنعاء,positive
207,المنتج وصل متاخر والجودة فاشلة,negative
467,المنتج ممتاز نفس الوصف بالضبط,positive
138,المنتج خرافي نفس الوصف بالضبط,positive
422,خدمة العملاء فاشلة لا يردون,negative
278,لا انصح ابدا الخدمة مو زين,negative
418,الله يعطيهم العافية خدمتهم روعة,positive
408,افضل مكان في المنطقة الخدمة جميل,positive
477,تعامل راقي جدااا والخدمة جميل,positive
327,جودة تعبان والسعر مرتفع,negative
290,اول مرة اجرب وطلع خرافي جدا,positive
177,خدمة االعملااء سيء لاا يردون,negative
251,تاخير كبير والتعامل ردي,negative
417,الله يعطيهم العافية خدمتهم قمة,positive
469,تعامل راقي جدااا والخدمة طيب,positive
394,للاسف التعامل سيئة جدا,negative
168,المنتج وصل متاخر والجودة فاشلة,negative
126,خدمة االعملااء روعة واالتوصيل سريع,positive
475,زرت المكان امس والحمد لله كان رائعة,positive
208,افضل مكان في المنطقة الخدمة روعة,positive
64,الاكل جميلة والخدمة احسن,positive
225,المنتج تعبان ما يستاهل فلوسه,negative
406,المنتج جميل نفس الوصف بالضبط,positive
480,الله يعطيهم العافية خدمتهم اسطوري,positive
187,تاخير كبير والتعامل فاشلة,negative
111,والله الخدمة تعبانة جدا ما انصح,negative
252,لا انصح ابدا الخدمة تعبانة,negative
151,تجربة ردي لن اعود مرة ثانية,negative
356,الله يعطيهم العافية خدمتهم حلوة,positive
267,للاسف التعامل فاشلة جدا,negative
411,تجربة مو زين لن اعود مرة ثانية,negative
345,لا انصح ابدا الخدمة مو حلو,negative
210,المكان نظيف وممتاز واسعاره مناسبة,positive
30,بصراحة المكان حلوة ما توقعت كذا,positive
350,اانصحكم فيه االمكاان طيبة بزااف,positive
150,المنتج وصل بسرعة والجودة حلوة,positive
77,ما شاء الله الخدمة حلو والطاقم محترم جدا,positive
286,المنتج وصل بسرعة والجودة جميل,positive
439,والله المكان تمام ما تنلقى زيه في صنعاء,positive
346,افضل مكان في المنطقة الخدمة خرافي,positive
49,خيبة امل كبيرة الخدمة فاشلة,negative
231,ما عندي كلام اقوله غير جميل,positive
68,جودة ماشي والسعر مرتفع,negative
221,الاكل خرافي والخدمة احسن,positive
421,خدمة العملاء خايس لا يردون,negative
33,والله الخدمة ماشي جدا ما انصح,negative
83,الله يعطيهم العافية خدمتهم روعة,positive
488,المكان نظيف وخرافي واسعاره مناسبة,positive
393,المنتج تعبانة غير الصور,negative
157,خيبة امل كبيرة الخدمة تعبانة,negative
272,الاكل ماشي والخدمة اسوا,negative
161,والله المكان رائعة ما تنلقى زيه في صنعاء,positive
331,ااول مرة ااجرب وطلع راائع جداا,positive
3,جودة ماشي والسعر مرتفع,negative
489,المكان نظيف وتمام واسعاره مناسبة,positive
266,المنتج فاشل غير الصور,negative
500,بصرااحة االمكاان روعة ماا توقعت كذاا,positive
336,المنتج وصل بسرعة والجودة حلو,positive
390,خيبة امل كبيرة الخدمة ماشي,negative
313,اسعار مبالغ فيها والخدمة فاشل,negative
492,المنتج وصل متاخر والجودة ردية,negative
10,ما عندي كلام اقوله غير حلوة,positive
120,ما عندي كلام اقوله غير حلو,positive
438,تعامل مو حلو ما يحترمون الزبون,negative
115,افضل مكان في المنطقة الخدمة رائعة,positive
113,المكان خايس والنظافة صفر,negative
119,المنتج حلوة نفس الوصف بالضبط,positive
251,تعاامل رااقي جداااااا واالخدمة راائع,positive
497,تجربة رائعة بكل المقاييس,positive
23,منتج رائعة وانصح الجميع فيه,positive
498,المكان تعبان والاسعار غالية بزاف,negative
395,تاخير كبير والتعامل مو حلو,negative
473,بصراحة المكان ممتازة ما توقعت كذا,positive
373,ما عندي كلام اقوله غير تمام,positive
468,زرت االمكاان اامس واالحمد لله كاان جميلة,positive
231,خيبة امل كبيرة الخدمة زفت,negative
344,تجربة ممتاز بكل المقاييس,positive
167,المنتج خايسة ما يستاهل فلوسه,negative
306,اسوا تجربة الخدمة سيئة,negative
169,االله يعطيهم االعاافية خدمتهم طيب,positive
42,انصحكم فيه المكان حلوة بزاف,positive
319,خيبة امل كبيرة الخدمة تعبانة,negative
432,اسعار مبالغ فيها والخدمة ماشي,negative
281,المنتج حلوة نفس الوصف بالضبط,positive
244,االمكاان نظيف وراائعة وااسعااره منااسبة,positive
166,انصحكم فيه المكان رائعة بزاف,positive
43,المنتج وصل بسرعة والجودة حلوة,positive
279,جودة خايس والسعر مرتفع,negative
253,االمنتج روعة نفس االوصف باالضبط,positive
25,انصحكم فيه المكان تمام بزاف,positive
52,انصحكم فيه المكان جميل بزاف,positive
246,الاكل ماشي والخدمة اسوا,negative
159,تعامل راقي جدااا والخدمة ممتازة,positive
455,المنتج مو زين ما يستاهل فلوسه,negative
249,االمكاان سيئة واالااسعاار غاالية بزااف,negative
248,تجربة اسطوري بكل المقاييس,positive
29,والله المكان رائع ما تنلقى زيه في صنعاء,positive
304,المنتج وصل متاخر والجودة فاشل,negative
56,جودة مو حلو والسعر مرتفع,negative
302,الله يعطيهم العافية خدمتهم اسطوري,positive
149,ماا شااء االله االخدمة جميلة واالطااقم محترم جداا,positive
284,المنتج ماشي غير الصور,negative
280,الاكل تعبان والخدمة اسوا,negative
305,تاخير كبير والتعامل فاشل,negative
339,انصحكم فيه المكان رائعة بزاف,positive
189,المنتج وصل بسرعة والجودة رائعة,positive
205,المكان ماشي والنظافة صفر,negative
79,جودة زفت والسعر مرتفع,negative
12,بصراحة المكان رائعة ما توقعت كذا,positive
444,والله المكان طيبة ما تنلقى زيه في صنعاء,positive
294,تعامل راقي جدااا والخدمة حلو,positive
108,المنتج وصل متاخر والجودة تعبان,negative
123,المكان نظيف وجميل واسعاره مناسبة,positive
487,والله المكان روعة ما تنلقى زيه في صنعاء,positive
222,للاسف التعامل تعبان جدا,negative
71,ما عندي كلام اقوله غير طيبة,positive
214,انصحكم فيه المكان خرافي بزاف,positive
18,اسعار مبالغ فيها والخدمة ماشي,negative
433,خيبة امل كبيرة الخدمة تعبانة,negative
31,خدمة العملاء ماشي لا يردون,negative
416,خدمة االعملااء خاايس لاا يردون,negative
373,ما انصح احد يروح المكان مو زين,negative
357,خدمة العملاء مو زين لا يردون,negative
308,ماا اانصح ااحد يروح االمكاان مو زين,negative
407,والله الخدمة ماشي جدا ما انصح,negative
281,المنتج وصل متاخر والجودة سيء,negative
350,المكان تعبانة والاسعار غالية بزاف,negative
397,االمنتج زفت ماا يستااهل فلوسه,negative
474,تعامل سيئة ما يحترمون الزبون,negative
445,االمنتج وصل متااخر واالجودة زفت,negative
93,المكان زفت والاسعار غالية بزاف,negative
57,تجربة سيئة لن اعود مرة ثانية,negative
201,االله يعطيهم االعاافية خدمتهم طيب,positive
409,تاخير كبير والتعامل زفت,negative
447,للاسف التعامل فاشل جدا,negative
269,االمكاان تعباان واالااسعاار غاالية بزااف,negative
152,خيبة امل كبيرة الخدمة سيئة,negative
103,زرت المكان امس والحمد لله كان خرافي,positive
407,ما عندي كلام اقوله غير رائع,positive
113,االمنتج خراافي نفس االوصف باالضبط,positive
91,المنتج ردية غير الصور,negative
477,الاكل ردية والخدمة اسوا,negative
239,ما عندي كلام اقوله غير حلوة,positive
466,المنتج وصل بسرعة والجودة خرافي,positive
53,جودة فاشلة والسعر مرتفع,negative
241,ما عندي كلام اقوله غير اسطوري,positive
316,اسعار مبالغ فيها والخدمة فاشل,negative
50,تجربة رائع بكل المقاييس,positive
114,الجودة خرافية والسعر ممتاز,positive
214,المنتج وصل متاخر والجودة مو حلو,negative
359,بصراحة المكان حلو ما توقعت كذا,positive
324,اسعار مبالغ فيها والخدمة سيء,negative
67,منتج قمة وانصح الجميع فيه,positive
22,تجربة مااشي لن ااعود مرة ثاانية,negative
437,افضل مكان في المنطقة الخدمة روعة,positive
265,الجودة طيب والسعر ممتاز,positive
398,تجربة مااشي لن ااعود مرة ثاانية,negative
465,اسعار مبالغ فيها والخدمة ماشي,negative
400,جودة سيء والسعر مرتفع,negative
33,الجودة خرافي والسعر ممتاز,positive
369,جودة ماشي والسعر مرتفع,negative
69,المنتج خايس غير الصور,negative
194,تاخير كبير والتعامل ماشي,negative
287,المكان نظيف وممتازة واسعاره مناسبة,positive
329,اول مرة اجرب وطلع روعة جدا,positive
295,للاسف التعامل زفت جدا,negative
413,جودة مو زين والسعر مرتفع,negative
309,ماا شااء االله االخدمة طيبة واالطااقم محترم جداا,positive
314,بصراحة المكان طيبة ما توقعت كذا,positive
55,المنتج خرب بسرعة جودة ردية,negative
300,المنتج خرب بسرعة جودة مو زين,negative
24,الاكل جميلة والخدمة احسن,positive
351,بصراحة المكان ممتاز ما توقعت كذا,positive
43,تجربة خايس لن اعود مرة ثانية,negative
275,افضل مكان في المنطقة الخدمة طيب,positive
403,خيبة امل كبيرة الخدمة تعبانة,negative
363,الاكل تعبان والخدمة اسوا,negative
385,اسوا تجربة الخدمة تعبانة,negative
183,ما شاء الله الخدمة خرافية والطاقم محترم جدا,positive
491,المكان نظيف وطيب واسعاره مناسبة,positive
191,توصيل فااشل وصل متااخر جداا,negative
462,المنتج خرب بسرعة جودة زفت,negative
402,المكان فاشلة والنظافة صفر,negative
26,تجربة سيئة لن اعود مرة ثانية,negative
313,تعامل راقي جدااا والخدمة جميلة,positive
347,لا انصح ابدا الخدمة سيئة,negative
146,المنتج خرب بسرعة جودة فاشلة,negative
238,انصحكم فيه المكان تمام بزاف,positive
470,الاكل تمام والخدمة احسن,positive
257,تعامل راقي جدااا والخدمة طيبة,positive
335,خدمة العملاء حلوة والتوصيل سريع,positive
163,للاسف التعامل ماشي جدا,negative
180,المنتج تعبانة ما يستاهل فلوسه,negative
189,المكان سيئة والاسعار غالية بزاف,negative
63,زرت المكان امس والحمد لله كان طيبة,positive
448,اول مرة اجرب وطلع طيب جدا,positive
72,الجودة جميلة والسعر ممتاز,positive
443,تعامل راقي وخدمة جميلة,positive
99,للاسف التعامل مو زين جدا,negative
134,االمنتج خرب بسرعة جودة مو زين,negative
237,ماا اانصح ااحد يروح االمكاان تعباان,negative
7,الجودة جميلة والسعر ممتاز,positive
6,تعامل راقي جدااا والخدمة جميلة,positive
23,االمنتج خرب بسرعة جودة خاايسة,negative
148,االااكل طيب مررررة ممتااز واالسعر معقول,positive
71,المنتج خرب بسرعة جودة زفت,negative
387,ما عندي كلام اقوله غير حلوة,positive
92,المنتج طيبة نفس الوصف بالضبط,positive
81,انصحكم فيه المكان جميل بزاف,positive
140,خدمة العملاء فاشلة لا يردون,negative
471,الله يعطيهم العافية خدمتهم جميلة,positive
481,زرت المكان امس والحمد لله كان حلو,positive
337,المنتج خايسة ما يستاهل فلوسه,negative
242,ما شاء الله الخدمة رائعة والطاقم محترم جدا,positive
352,المنتج خرب بسرعة جودة مو حلو,negative
49,زرت المكان امس والحمد لله كان حلوة,positive
201,اسوا تجربة الخدمة تعبان,negative
122,توصيل ردي وصل متاخر جدا,negative
140,ما شاء الله الخدمة تمام والطاقم محترم جدا,positive
2,خدمة العملاء ممتاز والتوصيل سريع,positive
371,المكان سيئة والاسعار غالية بزاف,negative
195,ما شاء الله الخدمة خرافية والطاقم محترم جدا,positive
252,تعامل راقي وخدمة ممتازة,positive
273,تعامل راقي جدااا والخدمة رائع,positive
455,انصحكم فيه المكان طيب بزاف,positive
425,تعامل راقي جدااا والخدمة جميل,positive
41,الله يعطيهم العافية خدمتهم اسطوري,positive
372,المنتج مو حلو غير الصور,negative
152,زرت المكان امس والحمد لله كان رائع,positive
171,تعامل راقي وخدمة جميلة,positive
116,تاخير كبير والتعامل تعبان,negative
25,المنتج سيئة ما يستاهل فلوسه,negative
332,زرت االمكاان اامس واالحمد لله كاان راائعة,positive
